birdID,CollectionDate,State,Host,Subtype
0,2/1/2013,Massachusetts,Yellow-LeggedGull,-N/A-
1,2/7/2013,Massachusetts,Yellow-LeggedGull,-N/A-
2,2/7/2013,Massachusetts,Yellow-LeggedGull,-N/A-
3,12/20/2012,Massachusetts,Yellow-LeggedGull,-N/A-
4,3/5/2013,Massachusetts,Yellow-LeggedGull,-N/A-
5,4/17/2013,Massachusetts,Yellow-LeggedGull,-N/A-
6,10/11/2012,Massachusetts,Yellow-LeggedGull,H16N3
7,11/9/2012,Massachusetts,Yellow-LeggedGull,-N/A-
8,2/1/2013,Massachusetts,Yellow-LeggedGull,-N/A-
9,3/5/2013,Massachusetts,Yellow-LeggedGull,-N/A-
10,10/11/2012,Massachusetts,Yellow-LeggedGull,-N/A-
11,11/9/2012,Massachusetts,Yellow-LeggedGull,-N/A-
12,11/9/2012,Massachusetts,Yellow-LeggedGull,-N/A-
13,2/7/2013,Massachusetts,Yellow-LeggedGull,-N/A-
14,2/7/2013,Massachusetts,Yellow-LeggedGull,-N/A-
15,9/21/2012,Massachusetts,Yellow-LeggedGull,-N/A-
16,2/7/2013,Massachusetts,Yellow-LeggedGull,-N/A-
17,2/7/2013,Massachusetts,Yellow-LeggedGull,-N/A-
18,2/20/2013,Massachusetts,Yellow-LeggedGull,-N/A-
19,2/20/2013,Massachusetts,Yellow-LeggedGull,-N/A-
20,10/11/2012,Massachusetts,Yellow-LeggedGull,H13N6
21,3/5/2013,Massachusetts,Yellow-LeggedGull,-N/A-
22,11/20/2012,Massachusetts,Yellow-LeggedGull,-N/A-
23,2/7/2013,Massachusetts,Yellow-LeggedGull,-N/A-
24,2/20/2013,Massachusetts,Yellow-LeggedGull,-N/A-
25,10/11/2012,Massachusetts,Yellow-LeggedGull,-N/A-
26,10/11/2012,Massachusetts,Yellow-LeggedGull,-N/A-
27,2/7/2013,Massachusetts,Yellow-LeggedGull,-N/A-
28,11/9/2012,Massachusetts,Yellow-LeggedGull,-N/A-
29,2/15/2013,Massachusetts,Yellow-LeggedGull,-N/A-
30,10/22/2012,Massachusetts,Yellow-LeggedGull,-N/A-
31,2/7/2013,Massachusetts,Yellow-LeggedGull,-N/A-
32,2/7/2013,Massachusetts,Yellow-LeggedGull,-N/A-
33,2/7/2013,Massachusetts,Yellow-LeggedGull,-N/A-
34,4/5/2013,Alaska,Mallard,-N/A-
35,12/14/2012,Alaska,Mallard,-N/A-
36,4/8/2013,Alaska,Mallard,-N/A-
37,4/7/2013,Alaska,Mallard,-N/A-
38,4/5/2013,Alaska,Mallard,-N/A-
39,12/14/2012,Alaska,Mallard,-N/A-
40,12/14/2012,Alaska,Mallard,-N/A-
41,4/3/2013,Alaska,Mallard,-N/A-
42,12/14/2012,Alaska,Mallard,-N/A-
43,12/14/2012,Alaska,Mallard,-N/A-
44,4/7/2013,Alaska,Mallard,-N/A-
45,12/14/2012,Alaska,Mallard,-N/A-
46,4/7/2013,Alaska,Mallard,-N/A-
47,4/7/2013,Alaska,Mallard,-N/A-
48,12/14/2012,Alaska,Mallard,-N/A-
49,12/14/2012,Alaska,Mallard,-N/A-
50,12/14/2012,Alaska,Mallard,-N/A-
51,4/6/2013,Alaska,Mallard,-N/A-
52,12/14/2012,Alaska,Mallard,-N/A-
53,12/14/2012,Alaska,Mallard,-N/A-
54,12/14/2012,Alaska,Mallard,-N/A-
55,12/14/2012,Alaska,Mallard,-N/A-
56,3/29/2013,Alaska,Mallard,-N/A-
57,4/2/2013,Alaska,Mallard,-N/A-
58,11/20/2012,Massachusetts,Yellow-LeggedGull,-N/A-
59,11/20/2012,Massachusetts,Yellow-LeggedGull,-N/A-
60,3/5/2013,Massachusetts,Yellow-LeggedGull,-N/A-
61,11/9/2012,Massachusetts,Yellow-LeggedGull,-N/A-
62,11/9/2012,Massachusetts,Yellow-LeggedGull,-N/A-
63,2/7/2013,Massachusetts,Yellow-LeggedGull,-N/A-
64,2/7/2013,Massachusetts,Yellow-LeggedGull,-N/A-
65,12/20/2012,Massachusetts,Yellow-LeggedGull,-N/A-
66,2/20/2013,Massachusetts,Yellow-LeggedGull,-N/A-
67,2/15/2013,Massachusetts,Yellow-LeggedGull,-N/A-
68,12/6/2012,Massachusetts,Yellow-LeggedGull,-N/A-
69,2/7/2013,Massachusetts,Yellow-LeggedGull,-N/A-
70,2/7/2013,Massachusetts,Yellow-LeggedGull,-N/A-
71,12/6/2012,Massachusetts,Yellow-LeggedGull,-N/A-
72,11/9/2012,Massachusetts,Yellow-LeggedGull,-N/A-
73,10/22/2012,Massachusetts,Yellow-LeggedGull,-N/A-
74,2/20/2013,Massachusetts,Yellow-LeggedGull,-N/A-
75,3/5/2013,Massachusetts,Yellow-LeggedGull,-N/A-
76,11/9/2012,Massachusetts,Yellow-LeggedGull,-N/A-
77,12/20/2012,Massachusetts,Yellow-LeggedGull,-N/A-
78,3/5/2013,Massachusetts,Yellow-LeggedGull,-N/A-
79,3/5/2013,Massachusetts,Yellow-LeggedGull,-N/A-
80,11/20/2012,Massachusetts,Yellow-LeggedGull,-N/A-
81,2/7/2013,Massachusetts,Yellow-LeggedGull,-N/A-
82,11/9/2012,Massachusetts,Yellow-LeggedGull,-N/A-
83,4/4/2013,Massachusetts,Yellow-LeggedGull,-N/A-
84,2/7/2013,Massachusetts,Yellow-LeggedGull,-N/A-
85,10/11/2012,Massachusetts,Yellow-LeggedGull,-N/A-
86,10/11/2012,Massachusetts,Yellow-LeggedGull,-N/A-
87,12/20/2012,Massachusetts,Yellow-LeggedGull,-N/A-
88,3/5/2013,Massachusetts,Yellow-LeggedGull,H9N1
89,10/11/2012,Massachusetts,Yellow-LeggedGull,-N/A-
90,2/15/2013,Massachusetts,Yellow-LeggedGull,-N/A-
91,2/7/2013,Massachusetts,Yellow-LeggedGull,-N/A-
92,11/9/2012,Massachusetts,Yellow-LeggedGull,-N/A-
93,1/2/2013,Maine,Bufflehead,H6N2
94,12/3/2012,Maine,CommonEider,-N/A-
95,9/4/2012,Ohio,Blue-WingedTeal,-N/A-
96,9/8/2012,Ohio,Blue-WingedTeal,H11N3
97,10/13/2012,Ohio,Blue-WingedTeal,H4N6
98,9/8/2012,Missouri,Blue-WingedTeal,-N/A-
99,9/15/2012,Ohio,Blue-WingedTeal,H3N2
100,9/22/2012,Wisconsin,Blue-WingedTeal,H11N9
101,10/20/2012,Illinois,Blue-WingedTeal,H1N1
102,9/29/2012,Wisconsin,Blue-WingedTeal,H3N2
103,9/29/2012,Wisconsin,Blue-WingedTeal,Mixed
104,9/8/2012,Illinois,Blue-WingedTeal,H3N8
105,9/15/2012,Ohio,Blue-WingedTeal,H4N6
106,9/8/2012,Illinois,Blue-WingedTeal,H11N3
107,9/1/2012,Ohio,Blue-WingedTeal,H4N6
108,9/8/2012,Missouri,Blue-WingedTeal,HxNx
109,9/15/2012,Ohio,Blue-WingedTeal,H4N6
110,10/13/2012,Wisconsin,Blue-WingedTeal,H3N2
111,9/22/2012,Wisconsin,Pintail,Mixed
112,11/17/2012,Ohio,Shoveler,H7N3
113,11/10/2012,Illinois,Shoveler,H10N3
114,10/13/2012,Ohio,Shoveler,H12N5
115,12/10/2012,Missouri,Shoveler,Mixed
116,12/10/2012,Missouri,Shoveler,H10N3
117,11/10/2012,Ohio,Shoveler,H2N3
118,10/20/2012,Illinois,Shoveler,H2N5
119,10/20/2012,Illinois,Shoveler,H1N1
120,1/13/2013,Mississippi,Shoveler,-N/A-
121,12/1/2012,Illinois,Shoveler,H7N3
122,12/8/2012,Mississippi,Shoveler,Mixed
123,12/1/2012,Illinois,Shoveler,H6N2
124,11/10/2012,Illinois,Mallard,-N/A-
125,8/8/2012,Ohio,Mallard,H11
126,8/8/2012,Ohio,Mallard,H11
127,1/6/2013,Ohio,Mallard,N7
128,8/2/2012,Ohio,Mallard,-N/A-
129,11/23/2012,Illinois,Mallard,Mixed
130,10/27/2012,Wisconsin,Mallard,H3N8
131,10/13/2012,Ohio,Mallard,N6
132,11/16/2012,Ohio,Mallard,H5N1
133,8/8/2012,Ohio,Mallard,N5
134,9/22/2012,Wisconsin,Mallard,H6N1
135,10/20/2012,Illinois,Mallard,H5N1
136,11/10/2012,Ohio,Mallard,Mixed
137,12/10/2012,Missouri,Mallard,H11N9
138,10/20/2012,Illinois,Mallard,H1N1
139,11/23/2012,Illinois,Mallard,H11N9
140,12/10/2012,Missouri,Mallard,H10N7
141,8/8/2012,Ohio,Mallard,-N/A-
142,8/8/2012,Ohio,Mallard,H11
143,11/23/2012,Illinois,Mallard,H4N8
144,8/3/2012,Ohio,Mallard,Mixed
145,11/10/2012,Ohio,Mallard,HxNx
146,8/9/2012,Ohio,Mallard,-N/A-
147,8/1/2012,Ohio,Mallard,Mixed
148,11/17/2012,Ohio,Mallard,H4N6
149,10/13/2012,Ohio,Pintail,Mixed
150,11/17/2012,Ohio,AmericanBlackDuck,H5N2
151,11/16/2012,Ohio,AmericanBlackDuck,H3N8
152,11/23/2012,Illinois,Bufflehead,N8
153,12/1/2012,Illinois,Bufflehead,-N/A-
154,2/5/2013,Ohio,Redhead,H3N6
155,2/5/2013,Ohio,Redhead,-N/A-
156,2/10/2013,Ohio,Redhead,H10N7
157,2/5/2013,Ohio,Redhead,H3N8
158,2/5/2013,Ohio,Redhead,H4N6
159,2/7/2013,Ohio,Redhead,H3N6
160,2/7/2013,Ohio,Redhead,H7N3
161,2/7/2013,Ohio,Redhead,H10N7
162,2/5/2013,Ohio,Redhead,H10N7
163,2/5/2013,Ohio,Redhead,Mixed
164,2/9/2013,Ohio,Redhead,H1N2
165,2/9/2013,Ohio,Redhead,H6N2
166,11/11/2012,Ohio,LesserScaup,H1N8
167,11/10/2012,Ohio,Gadwall,H5N2
168,12/1/2012,Illinois,Gadwall,-N/A-
169,11/10/2012,Ohio,Gadwall,H5N2
170,12/1/2012,Illinois,Gadwall,-N/A-
171,11/16/2012,Ohio,Gadwall,H3N8
172,10/20/2012,Illinois,Green-WingedTeal,Mixed
173,9/15/2012,Ohio,Green-WingedTeal,H11N2
174,10/13/2012,Ohio,Green-WingedTeal,unknown
175,9/27/2012,Wisconsin,Green-WingedTeal,H4N6
176,9/30/2012,Wisconsin,Green-WingedTeal,H11N9
177,9/1/2012,Ohio,Green-WingedTeal,Mixed
178,9/27/2012,Wisconsin,Green-WingedTeal,H1N1
179,9/7/2012,Ohio,Green-WingedTeal,H4N6
180,9/30/2012,Wisconsin,Green-WingedTeal,Mixed
181,10/20/2012,Illinois,Green-WingedTeal,H3N8
182,9/29/2012,Wisconsin,Green-WingedTeal,H11N9
183,9/1/2012,Ohio,Green-WingedTeal,-N/A-
184,12/8/2012,Mississippi,Green-WingedTeal,H5N2
185,11/17/2012,Ohio,Green-WingedTeal,H7N3
186,9/30/2012,Wisconsin,Green-WingedTeal,N6
187,9/8/2012,Ohio,Green-WingedTeal,H6N5
188,10/13/2012,Wisconsin,Green-WingedTeal,H4N2
189,11/10/2012,Illinois,Green-WingedTeal,H10N3
190,9/4/2012,Ohio,Green-WingedTeal,H6N5
191,9/2/2012,Ohio,Blue-WingedTeal,H3N2
192,9/8/2012,Ohio,Blue-WingedTeal,H4N6
193,9/8/2012,Illinois,Blue-WingedTeal,H3N8
194,9/1/2012,Ohio,Blue-WingedTeal,H4N6
195,10/13/2012,Ohio,Blue-WingedTeal,H11N9
196,9/1/2012,Ohio,Blue-WingedTeal,H11
197,9/1/2012,Ohio,Blue-WingedTeal,Mixed
198,9/7/2012,Ohio,Blue-WingedTeal,H3N6
199,9/7/2012,Ohio,Blue-WingedTeal,H10N9
200,10/13/2012,Wisconsin,Blue-WingedTeal,H4N8
201,10/13/2012,Wisconsin,Blue-WingedTeal,H4N8
202,9/1/2012,Ohio,Blue-WingedTeal,H3N6
203,10/20/2012,Illinois,Blue-WingedTeal,Mixed
204,9/8/2012,Missouri,Blue-WingedTeal,-N/A-
205,9/15/2012,Ohio,Blue-WingedTeal,H11N9
206,9/29/2012,Ohio,Blue-WingedTeal,H4N6
207,9/15/2012,Ohio,Blue-WingedTeal,H4N6
208,10/13/2012,Wisconsin,Blue-WingedTeal,H4N8
209,9/29/2012,Wisconsin,Blue-WingedTeal,Mixed
210,9/7/2012,Ohio,Blue-WingedTeal,H12N5
211,9/8/2012,Missouri,Blue-WingedTeal,H4N8
212,9/8/2012,Missouri,Blue-WingedTeal,H4N8
213,5/21/2013,NewJersey,LaughingGull,H10N2
214,5/23/2013,NewJersey,Shorebird,H10N8
215,5/23/2013,NewJersey,Shorebird,H11N2
216,5/22/2013,NewJersey,Shorebird,H11N7
217,5/23/2013,NewJersey,Shorebird,H10N2
218,5/23/2013,NewJersey,Shorebird,H10N7
219,5/23/2013,NewJersey,Shorebird,H10N8
220,5/23/2013,NewJersey,Shorebird,H10N1
221,5/23/2013,NewJersey,Shorebird,H10N8
222,5/21/2013,NewJersey,Shorebird,H10N7
223,5/21/2013,NewJersey,Shorebird,H10N7
224,5/23/2013,NewJersey,Shorebird,H10N8
225,5/22/2013,NewJersey,Shorebird,H10N2
226,5/22/2013,NewJersey,Shorebird,H11N2
227,5/21/2013,NewJersey,Shorebird,H10N7
228,5/23/2013,NewJersey,Shorebird,H10N7
229,5/21/2013,NewJersey,Shorebird,H10N1
230,5/23/2013,NewJersey,Shorebird,H10N7
231,5/21/2013,NewJersey,Shorebird,H11N2
232,5/21/2013,NewJersey,Shorebird,H10N7
233,5/23/2013,NewJersey,Shorebird,H11N2
234,5/20/2013,NewJersey,Shorebird,H10N9
235,5/21/2013,NewJersey,Shorebird,H10N7
236,5/23/2013,NewJersey,Shorebird,H11N7
237,5/23/2013,NewJersey,Shorebird,H10N8
238,5/22/2013,NewJersey,Shorebird,H10N7
239,5/23/2013,NewJersey,Shorebird,H10N2
240,5/22/2013,NewJersey,Shorebird,H10N7
241,5/23/2013,NewJersey,Shorebird,H11N2
242,5/23/2013,NewJersey,Shorebird,H10N1
243,5/20/2013,NewJersey,Shorebird,H11N2
244,5/23/2013,NewJersey,Shorebird,H10N9
245,5/23/2013,NewJersey,Shorebird,H6N8
246,5/21/2013,NewJersey,Shorebird,H1N8
247,5/23/2013,NewJersey,Shorebird,H10N7
248,5/22/2013,NewJersey,Shorebird,H10N8
249,5/23/2013,NewJersey,Shorebird,H10NY
250,5/23/2013,NewJersey,Shorebird,H10N7
251,5/22/2013,NewJersey,Shorebird,H10N8
252,5/23/2013,NewJersey,Shorebird,H10N2
253,5/21/2013,NewJersey,Shorebird,H11N2
254,5/22/2013,NewJersey,Shorebird,H10N7
255,5/23/2013,NewJersey,Shorebird,H10N2
256,5/23/2013,NewJersey,Shorebird,H10N8
257,5/21/2013,NewJersey,Shorebird,H10N2
258,5/23/2013,NewJersey,Shorebird,H10N7
259,5/23/2013,NewJersey,Shorebird,H10N2
260,5/22/2013,NewJersey,Shorebird,H11N2
261,5/23/2013,NewJersey,Shorebird,H10N7
262,5/21/2013,NewJersey,Shorebird,H11N2
263,5/23/2013,NewJersey,Shorebird,H10N7
264,5/23/2013,NewJersey,Shorebird,H11N2
265,5/23/2013,NewJersey,Shorebird,H11N7
266,5/23/2013,NewJersey,Shorebird,H10N7
267,5/23/2013,NewJersey,Shorebird,H10N1
268,5/21/2013,NewJersey,Shorebird,H10N7
269,5/23/2013,NewJersey,Shorebird,H10N7
270,5/23/2013,NewJersey,Shorebird,H10N7
271,5/22/2013,NewJersey,Shorebird,H10N8
272,5/21/2013,NewJersey,Shorebird,H10N7
273,5/23/2013,NewJersey,Shorebird,H10N7
274,5/22/2013,NewJersey,Shorebird,H10N7
275,5/22/2013,NewJersey,Shorebird,H10NY
276,5/22/2013,NewJersey,Shorebird,H10N8
277,5/23/2013,NewJersey,Shorebird,H10N2
278,5/22/2013,NewJersey,Shorebird,H10N7
279,5/23/2013,NewJersey,Shorebird,H6N8
280,5/23/2013,NewJersey,Shorebird,H11N7
281,5/22/2013,NewJersey,LaughingGull,H10NY
282,5/20/2013,NewJersey,LaughingGull,H11N2
283,5/21/2013,NewJersey,LaughingGull,H10N7
284,5/21/2013,NewJersey,LaughingGull,H10N8
285,7/7/2012,Alaska,Glaucous-WingedGull,-N/A-
286,9/10/2012,Massachusetts,UnidentifiedLarusGull,-N/A-
287,9/10/2012,Massachusetts,UnidentifiedLarusGull,-N/A-
288,9/10/2012,Massachusetts,UnidentifiedLarusGull,-N/A-
289,9/10/2012,Massachusetts,UnidentifiedLarusGull,-N/A-
290,9/10/2012,Massachusetts,UnidentifiedLarusGull,-N/A-
291,9/10/2012,Massachusetts,UnidentifiedLarusGull,-N/A-
292,9/10/2012,Massachusetts,UnidentifiedLarusGull,-N/A-
293,9/10/2012,Massachusetts,UnidentifiedLarusGull,-N/A-
294,9/10/2012,Massachusetts,UnidentifiedLarusGull,-N/A-
295,12/20/2012,Massachusetts,AmericanHerringGull,-N/A-
296,2/21/2013,Massachusetts,AmericanHerringGull,-N/A-
297,1/17/2013,Massachusetts,AmericanHerringGull,-N/A-
298,2/26/2013,Massachusetts,AmericanHerringGull,-N/A-
299,11/2/2012,Massachusetts,AmericanHerringGull,-N/A-
300,11/26/2012,Massachusetts,AmericanHerringGull,-N/A-
301,11/2/2012,Massachusetts,AmericanHerringGull,-N/A-
302,11/26/2012,Massachusetts,AmericanHerringGull,-N/A-
303,7/6/2012,Alaska,Glaucous-WingedGull,-N/A-
304,6/2/2012,Alaska,Glaucous-WingedGull,-N/A-
305,8/7/2012,Alaska,Glaucous-WingedGull,-N/A-
306,9/6/2012,Alaska,Glaucous-WingedGull,-N/A-
307,8/7/2012,Alaska,Glaucous-WingedGull,-N/A-
308,9/6/2012,Alaska,Glaucous-WingedGull,-N/A-
309,8/7/2012,Alaska,Glaucous-WingedGull,-N/A-
310,8/7/2012,Alaska,Glaucous-WingedGull,-N/A-
311,6/2/2012,Alaska,Glaucous-WingedGull,-N/A-
312,8/7/2012,Alaska,Glaucous-WingedGull,-N/A-
313,6/23/2012,Alaska,Glaucous-WingedGull,-N/A-
314,6/23/2012,Alaska,Glaucous-WingedGull,-N/A-
315,7/7/2012,Alaska,Glaucous-WingedGull,-N/A-
316,8/7/2012,Alaska,Glaucous-WingedGull,-N/A-
317,8/7/2012,Alaska,Glaucous-WingedGull,-N/A-
318,8/7/2012,Alaska,Glaucous-WingedGull,-N/A-
319,8/9/2012,Alaska,Glaucous-WingedGull,-N/A-
320,9/8/2012,Alaska,Glaucous-WingedGull,-N/A-
321,6/27/2012,Alaska,Glaucous-WingedGull,-N/A-
322,8/7/2012,Alaska,Glaucous-WingedGull,-N/A-
323,6/23/2012,Alaska,Glaucous-WingedGull,-N/A-
324,8/7/2012,Alaska,Glaucous-WingedGull,-N/A-
325,9/8/2012,Alaska,Glaucous-WingedGull,-N/A-
326,6/23/2012,Alaska,Glaucous-WingedGull,-N/A-
327,8/7/2012,Alaska,Glaucous-WingedGull,-N/A-
328,8/7/2012,Alaska,Glaucous-WingedGull,-N/A-
329,6/27/2012,Alaska,Glaucous-WingedGull,-N/A-
330,9/6/2012,Alaska,Glaucous-WingedGull,-N/A-
331,9/6/2012,Alaska,Glaucous-WingedGull,-N/A-
332,6/27/2012,Alaska,Glaucous-WingedGull,-N/A-
333,7/7/2012,Alaska,Glaucous-WingedGull,-N/A-
334,8/21/2012,Alaska,Glaucous-WingedGull,-N/A-
335,8/21/2012,Alaska,Glaucous-WingedGull,-N/A-
336,6/23/2012,Alaska,Glaucous-WingedGull,-N/A-
337,6/29/2012,Alaska,Glaucous-WingedGull,-N/A-
338,9/6/2012,Alaska,Glaucous-WingedGull,-N/A-
339,8/21/2012,Alaska,Glaucous-WingedGull,-N/A-
340,8/21/2012,Alaska,Glaucous-WingedGull,-N/A-
341,8/7/2012,Alaska,Glaucous-WingedGull,-N/A-
342,9/8/2012,Alaska,Glaucous-WingedGull,-N/A-
343,8/7/2012,Alaska,Glaucous-WingedGull,-N/A-
344,8/7/2012,Alaska,Glaucous-WingedGull,-N/A-
345,9/8/2012,Alaska,Glaucous-WingedGull,-N/A-
346,9/6/2012,Alaska,Glaucous-WingedGull,-N/A-
347,7/6/2012,Alaska,Glaucous-WingedGull,-N/A-
348,9/8/2012,Alaska,Glaucous-WingedGull,-N/A-
349,6/23/2012,Alaska,Glaucous-WingedGull,-N/A-
350,6/27/2012,Alaska,Glaucous-WingedGull,-N/A-
351,8/7/2012,Alaska,Glaucous-WingedGull,-N/A-
352,6/23/2012,Alaska,Glaucous-WingedGull,-N/A-
353,8/7/2012,Alaska,Glaucous-WingedGull,-N/A-
354,6/23/2012,Alaska,Glaucous-WingedGull,-N/A-
355,8/7/2012,Alaska,Glaucous-WingedGull,-N/A-
356,6/29/2012,Alaska,Glaucous-WingedGull,-N/A-
357,9/6/2012,Alaska,Glaucous-WingedGull,-N/A-
358,8/7/2012,Alaska,Glaucous-WingedGull,-N/A-
359,8/9/2012,Alaska,Glaucous-WingedGull,-N/A-
360,6/23/2012,Alaska,Glaucous-WingedGull,-N/A-
361,7/6/2012,Alaska,Glaucous-WingedGull,-N/A-
362,7/6/2012,Alaska,Glaucous-WingedGull,-N/A-
363,6/29/2012,Alaska,Glaucous-WingedGull,-N/A-
364,8/7/2012,Alaska,Glaucous-WingedGull,-N/A-
365,6/23/2012,Alaska,Glaucous-WingedGull,-N/A-
366,6/23/2012,Alaska,Glaucous-WingedGull,-N/A-
367,8/21/2012,Alaska,Glaucous-WingedGull,-N/A-
368,8/7/2012,Alaska,Glaucous-WingedGull,-N/A-
369,9/8/2012,Alaska,Glaucous-WingedGull,-N/A-
370,8/7/2012,Alaska,Glaucous-WingedGull,-N/A-
371,7/7/2012,Alaska,Glaucous-WingedGull,-N/A-
372,8/7/2012,Alaska,Glaucous-WingedGull,-N/A-
373,8/7/2012,Alaska,Glaucous-WingedGull,-N/A-
374,6/23/2012,Alaska,Glaucous-WingedGull,-N/A-
375,6/2/2012,Alaska,Glaucous-WingedGull,-N/A-
376,8/7/2012,Alaska,Glaucous-WingedGull,-N/A-
377,8/7/2012,Alaska,Glaucous-WingedGull,-N/A-
378,6/1/2012,Alaska,Glaucous-WingedGull,-N/A-
379,6/23/2012,Alaska,Glaucous-WingedGull,-N/A-
380,6/23/2012,Alaska,Glaucous-WingedGull,-N/A-
381,6/23/2012,Alaska,Glaucous-WingedGull,-N/A-
382,7/6/2012,Alaska,Glaucous-WingedGull,-N/A-
383,6/27/2012,Alaska,Glaucous-WingedGull,-N/A-
384,7/6/2012,Alaska,Glaucous-WingedGull,-N/A-
385,6/23/2012,Alaska,Glaucous-WingedGull,-N/A-
386,8/7/2012,Alaska,Glaucous-WingedGull,-N/A-
387,6/23/2012,Alaska,Glaucous-WingedGull,-N/A-
388,6/22/2012,Alaska,Glaucous-WingedGull,-N/A-
389,11/26/2012,Massachusetts,Ring-BilledGull,-N/A-
390,1/24/2013,Massachusetts,Ring-BilledGull,-N/A-
391,11/19/2012,Massachusetts,Ring-BilledGull,-N/A-
392,1/10/2013,Massachusetts,Ring-BilledGull,-N/A-
393,11/19/2012,Massachusetts,Ring-BilledGull,-N/A-
394,11/26/2012,Massachusetts,Ring-BilledGull,-N/A-
395,11/9/2012,Massachusetts,Ring-BilledGull,-N/A-
396,11/16/2012,Massachusetts,Ring-BilledGull,-N/A-
397,12/11/2012,Massachusetts,Ring-BilledGull,-N/A-
398,12/11/2012,Massachusetts,Ring-BilledGull,-N/A-
399,11/26/2012,Massachusetts,Ring-BilledGull,-N/A-
400,2/15/2013,Massachusetts,Ring-BilledGull,-N/A-
401,1/10/2013,Massachusetts,Ring-BilledGull,-N/A-
402,12/11/2012,Massachusetts,Ring-BilledGull,-N/A-
403,11/9/2012,Massachusetts,Ring-BilledGull,-N/A-
404,12/4/2012,Massachusetts,Ring-BilledGull,-N/A-
405,11/19/2012,Massachusetts,Ring-BilledGull,-N/A-
406,1/24/2013,Massachusetts,Ring-BilledGull,-N/A-
407,11/19/2012,Massachusetts,Ring-BilledGull,-N/A-
408,1/4/2013,Massachusetts,Ring-BilledGull,-N/A-
409,11/16/2012,Massachusetts,Ring-BilledGull,-N/A-
410,11/26/2012,Massachusetts,Ring-BilledGull,-N/A-
411,11/19/2012,Massachusetts,Ring-BilledGull,-N/A-
412,12/3/2012,Massachusetts,Ring-BilledGull,-N/A-
413,11/19/2012,Massachusetts,Ring-BilledGull,-N/A-
414,2/26/2013,Massachusetts,Ring-BilledGull,-N/A-
415,12/3/2012,Massachusetts,Ring-BilledGull,-N/A-
416,11/16/2012,Massachusetts,Ring-BilledGull,-N/A-
417,11/19/2012,Massachusetts,Ring-BilledGull,-N/A-
418,11/26/2012,Massachusetts,Ring-BilledGull,-N/A-
419,11/9/2012,Massachusetts,Ring-BilledGull,-N/A-
420,11/26/2012,Massachusetts,Ring-BilledGull,-N/A-
421,12/13/2012,Massachusetts,Ring-BilledGull,-N/A-
422,10/31/2012,California,Pintail,-N/A-
423,1/19/2013,California,AmericanWigeon,-N/A-
424,10/24/2012,California,AmericanWigeon,-N/A-
425,12/15/2012,California,AmericanWigeon,-N/A-
426,10/24/2012,California,AmericanWigeon,-N/A-
427,1/19/2013,California,AmericanWigeon,-N/A-
428,10/24/2012,California,AmericanWigeon,-N/A-
429,10/21/2012,California,AmericanWigeon,H6N1
430,10/21/2012,California,AmericanWigeon,-N/A-
431,10/24/2012,California,AmericanWigeon,-N/A-
432,11/14/2012,California,UnknownGoldeneye,-N/A-
433,11/14/2012,California,UnknownGoldeneye,-N/A-
434,11/14/2012,California,UnknownGoldeneye,-N/A-
435,12/30/2012,California,Bufflehead,-N/A-
436,12/30/2012,California,Bufflehead,H11N2
437,1/19/2013,California,Bufflehead,-N/A-
438,1/19/2013,California,Bufflehead,-N/A-
439,5/25/2013,California,CalifornianGull,-N/A-
440,5/25/2013,California,CalifornianGull,-N/A-
441,5/25/2013,California,CalifornianGull,-N/A-
442,5/25/2013,California,CalifornianGull,-N/A-
443,5/25/2013,California,CalifornianGull,-N/A-
444,5/25/2013,California,CalifornianGull,-N/A-
445,5/25/2013,California,CalifornianGull,-N/A-
446,5/25/2013,California,CalifornianGull,-N/A-
447,5/25/2013,California,CalifornianGull,-N/A-
448,5/25/2013,California,CalifornianGull,-N/A-
449,5/25/2013,California,CalifornianGull,-N/A-
450,5/25/2013,California,CalifornianGull,-N/A-
451,5/25/2013,California,CalifornianGull,-N/A-
452,5/25/2013,California,CalifornianGull,-N/A-
453,5/25/2013,California,CalifornianGull,-N/A-
454,8/6/2012,California,WoodDuck,-N/A-
455,11/14/2012,California,CanadaGoose,-N/A-
456,12/1/2012,California,CommonGoldeneye,-N/A-
457,12/1/2012,California,CommonGoldeneye,-N/A-
458,12/1/2012,California,CommonGoldeneye,-N/A-
459,1/26/2013,California,Green-WingedTeal,H11N9
460,1/12/2013,California,Green-WingedTeal,-N/A-
461,10/27/2012,California,Green-WingedTeal,-N/A-
462,10/21/2012,California,Green-WingedTeal,H6N2
463,1/26/2013,California,Green-WingedTeal,-N/A-
464,10/27/2012,California,Green-WingedTeal,-N/A-
465,10/31/2012,California,Green-WingedTeal,-N/A-
466,1/19/2013,California,AmericanCoot,-N/A-
467,10/31/2012,California,Pintail,-N/A-
468,10/24/2012,California,Shoveler,H6N2
469,12/1/2012,California,Shoveler,-N/A-
470,10/21/2012,California,Shoveler,-N/A-
471,11/3/2012,California,Shoveler,-N/A-
472,10/27/2012,California,Shoveler,-N/A-
473,11/3/2012,California,Shoveler,-N/A-
474,10/27/2012,California,Shoveler,-N/A-
475,12/15/2012,California,Shoveler,-N/A-
476,12/1/2012,California,Shoveler,-N/A-
477,10/27/2012,California,Shoveler,-N/A-
478,10/24/2012,California,Shoveler,-N/A-
479,11/10/2012,California,Shoveler,-N/A-
480,10/27/2012,California,Shoveler,H11N9
481,10/31/2012,California,Shoveler,-N/A-
482,10/21/2012,California,Shoveler,-N/A-
483,11/10/2012,California,Shoveler,-N/A-
484,11/10/2012,California,Shoveler,-N/A-
485,6/7/2012,California,AmericanCrow,-N/A-
486,8/8/2012,California,Mallard,-N/A-
487,8/24/2012,California,Mallard,-N/A-
488,8/6/2012,California,Mallard,H4N6
489,10/31/2012,California,Mallard,-N/A-
490,7/16/2012,California,Mallard,H2N3
491,7/25/2012,California,Mallard,H2N3
492,11/14/2012,California,Mallard,-N/A-
493,8/3/2012,California,Mallard,-N/A-
494,8/24/2012,California,Mallard,H4N6
495,8/17/2012,California,Mallard,H4N6
496,7/27/2012,California,Mallard,H3N8
497,8/10/2012,California,Mallard,-N/A-
498,7/9/2012,California,Mallard,H3N8
499,7/23/2012,California,Mallard,H3N8
500,7/20/2012,California,Mallard,Mixed
501,8/1/2012,California,Mallard,H2N7
502,8/1/2012,California,Mallard,-N/A-
503,8/10/2012,California,Mallard,-N/A-
504,8/6/2012,California,Mallard,H2N3
505,7/16/2012,California,Mallard,H3N8
506,8/6/2012,California,Mallard,H2N3
507,7/16/2012,California,Mallard,-N/A-
508,7/16/2012,California,Mallard,H2N3
509,7/11/2012,California,Mallard,H3N8
510,8/10/2012,California,Mallard,-N/A-
511,8/24/2012,California,Mallard,H4N6
512,8/17/2012,California,Mallard,H4N6
513,8/24/2012,California,Mallard,H2N3
514,7/25/2012,California,Mallard,H2N3
515,7/16/2012,California,Mallard,H2N3
516,8/24/2012,California,Mallard,-N/A-
517,11/10/2012,California,Mallard,-N/A-
518,7/24/2012,California,Mallard,H10N7
519,7/13/2012,California,Mallard,H2N3
520,8/6/2012,California,Mallard,H2N3
521,8/3/2012,California,Mallard,H2N3
522,8/8/2012,California,Mallard,H2N7
523,7/31/2012,California,Mallard,H2N3
524,8/17/2012,California,Mallard,-N/A-
525,8/6/2012,California,Mallard,-N/A-
526,8/20/2012,California,Mallard,H2N3
527,7/20/2012,California,Mallard,H3N8
528,7/13/2012,California,Mallard,H3N8
529,10/31/2012,California,Mallard,-N/A-
530,8/1/2012,California,Mallard,-N/A-
531,8/24/2012,California,Mallard,H4N6
532,7/20/2012,California,Mallard,-N/A-
533,8/1/2012,California,Mallard,H4N6
534,7/17/2012,California,Mallard,-N/A-
535,8/3/2012,California,Mallard,H2N3
536,7/11/2012,California,Mallard,H2N7
537,7/13/2012,California,Mallard,H2N3
538,7/18/2012,California,Mallard,H2N7
539,8/6/2012,California,Mallard,-N/A-
540,7/27/2012,California,Mallard,H2N3
541,7/11/2012,California,Mallard,H3N8
542,8/17/2012,California,Mallard,H4N6
543,8/10/2012,California,Mallard,H3N8
544,8/1/2012,California,Mallard,H3
545,8/22/2012,California,Mallard,-N/A-
546,7/20/2012,California,Mallard,H2N3
547,8/3/2012,California,Mallard,H2N3
548,7/16/2012,California,Mallard,H2N3
549,7/13/2012,California,Mallard,-N/A-
550,8/1/2012,California,Mallard,-N/A-
551,10/21/2012,California,Mallard,-N/A-
552,7/13/2012,California,Mallard,H2N7
553,8/6/2012,California,Mallard,H2N3
554,7/31/2012,California,Mallard,H3N8
555,8/10/2012,California,Mallard,-N/A-
556,7/16/2012,California,Mallard,-N/A-
557,7/16/2012,California,Mallard,H2N3
558,10/21/2012,California,Mallard,-N/A-
559,7/11/2012,California,Mallard,H2N3
560,7/11/2012,California,Mallard,H3N8
561,8/10/2012,California,Mallard,H2N3
562,8/20/2012,California,Mallard,-N/A-
563,8/10/2012,California,Mallard,-N/A-
564,8/20/2012,California,Mallard,-N/A-
565,7/24/2012,California,Mallard,H10N7
566,8/20/2012,California,Mallard,-N/A-
567,8/1/2012,California,Mallard,H2N3
568,10/31/2012,California,Mallard,H7N3
569,8/17/2012,California,Mallard,-N/A-
570,10/21/2012,California,Mallard,-N/A-
571,8/3/2012,California,Mallard,H2N3
572,8/8/2012,California,Mallard,-N/A-
573,8/6/2012,California,Mallard,H11N2
574,8/17/2012,California,Mallard,-N/A-
575,7/23/2012,California,Mallard,H3N8
576,8/10/2012,California,Mallard,H2N3
577,7/25/2012,California,Mallard,-N/A-
578,7/20/2012,California,Mallard,-N/A-
579,7/18/2012,California,Mallard,-N/A-
580,7/16/2012,California,Mallard,H2N3
581,7/16/2012,California,Mallard,-N/A-
582,8/1/2012,California,Mallard,-N/A-
583,10/31/2012,California,Mallard,H1N1
584,7/23/2012,California,Mallard,H3N8
585,7/25/2012,California,Mallard,-N/A-
586,8/20/2012,California,Mallard,-N/A-
587,7/20/2012,California,Mallard,-N/A-
588,7/18/2012,California,Mallard,H2N3
589,8/22/2012,California,Mallard,-N/A-
590,8/6/2012,California,Mallard,H3N8
591,8/6/2012,California,Mallard,H2N3
592,7/16/2012,California,Mallard,H2N3
593,8/20/2012,California,Mallard,H2N3
594,8/22/2012,California,Mallard,-N/A-
595,8/10/2012,California,Mallard,-N/A-
596,8/8/2012,California,Mallard,-N/A-
597,8/10/2012,California,Mallard,-N/A-
598,7/13/2012,California,Mallard,-N/A-
599,7/18/2012,California,Mallard,-N/A-
600,7/17/2012,California,Mallard,-N/A-
601,8/10/2012,California,Mallard,-N/A-
602,8/10/2012,California,Mallard,-N/A-
603,7/16/2012,California,Mallard,-N/A-
604,8/22/2012,California,Mallard,-N/A-
605,7/25/2012,California,Mallard,-N/A-
606,7/24/2012,California,Mallard,H10N7
607,8/24/2012,California,Mallard,H9N2
608,7/31/2012,California,Mallard,-N/A-
609,10/24/2012,California,Mallard,-N/A-
610,7/13/2012,California,Mallard,H2N3
611,8/17/2012,California,Mallard,-N/A-
612,8/8/2012,California,Mallard,-N/A-
613,8/10/2012,California,Mallard,-N/A-
614,7/20/2012,California,Mallard,-N/A-
615,7/18/2012,California,Mallard,-N/A-
616,8/22/2012,California,Mallard,-N/A-
617,7/23/2012,California,Mallard,-N/A-
618,8/8/2012,California,Mallard,-N/A-
619,11/3/2012,California,Mallard,-N/A-
620,8/17/2012,California,Mallard,-N/A-
621,8/8/2012,California,Mallard,-N/A-
622,7/16/2012,California,Mallard,-N/A-
623,7/23/2012,California,Mallard,-N/A-
624,8/6/2012,California,Mallard,-N/A-
625,7/27/2012,California,Mallard,-N/A-
626,8/8/2012,California,Mallard,-N/A-
627,8/6/2012,California,Mallard,-N/A-
628,8/6/2012,California,Mallard,-N/A-
629,7/23/2012,California,Mallard,-N/A-
630,8/22/2012,California,Mallard,-N/A-
631,8/24/2012,California,Mallard,-N/A-
632,5/29/2013,NewJersey,RuddyTurnstone,H10N7
633,5/21/2013,NewJersey,RuddyTurnstone,HxNx
634,5/27/2013,NewJersey,RuddyTurnstone,H10N2
635,5/28/2013,NewJersey,RuddyTurnstone,H10Nx
636,5/27/2013,NewJersey,RuddyTurnstone,H10N8
637,5/26/2013,NewJersey,RuddyTurnstone,H10Nx
638,5/25/2013,NewJersey,RuddyTurnstone,HxNx
639,5/28/2013,NewJersey,RuddyTurnstone,H11N7
640,5/26/2013,NewJersey,RuddyTurnstone,H10N1
641,5/22/2013,NewJersey,RuddyTurnstone,H10N7
642,5/26/2013,NewJersey,RuddyTurnstone,HxNx
643,5/22/2013,NewJersey,RuddyTurnstone,HxNx
644,5/21/2013,NewJersey,RuddyTurnstone,H10Nx
645,5/22/2013,NewJersey,RuddyTurnstone,H10Nx
646,5/29/2013,NewJersey,RuddyTurnstone,H10Nx
647,5/26/2013,NewJersey,RuddyTurnstone,HxNx
648,5/15/2013,NewJersey,RuddyTurnstone,H10Nx
649,5/19/2013,NewJersey,RuddyTurnstone,HxNx
650,5/29/2013,NewJersey,RuddyTurnstone,HxNx
651,5/28/2013,NewJersey,RuddyTurnstone,H10Nx
652,5/15/2013,NewJersey,RuddyTurnstone,HxNx
653,5/16/2013,NewJersey,RuddyTurnstone,H10N9
654,5/18/2013,NewJersey,RuddyTurnstone,H10Nx
655,5/22/2013,NewJersey,RuddyTurnstone,H10N7
656,1/19/2013,Florida,RuddyTurnstone,-N/A-
657,5/16/2013,NewJersey,RuddyTurnstone,H10Nx
658,5/28/2013,NewJersey,RuddyTurnstone,H10Nx
659,5/22/2013,NewJersey,RuddyTurnstone,HxNx
660,5/26/2013,NewJersey,RuddyTurnstone,HxNx
661,5/28/2013,NewJersey,RuddyTurnstone,HxNx
662,5/27/2013,NewJersey,RuddyTurnstone,H10N7
663,5/26/2013,NewJersey,RuddyTurnstone,H10N7
664,5/21/2013,NewJersey,RuddyTurnstone,HxNx
665,5/26/2013,NewJersey,RuddyTurnstone,H10N7
666,5/20/2013,NewJersey,RuddyTurnstone,H11Nx
667,5/19/2013,NewJersey,RuddyTurnstone,H10Nx
668,5/19/2013,NewJersey,RuddyTurnstone,HxNx
669,5/28/2013,NewJersey,RuddyTurnstone,H10N1
670,5/28/2013,NewJersey,RuddyTurnstone,H10Nx
671,5/22/2013,NewJersey,RuddyTurnstone,HxNx
672,5/22/2013,NewJersey,RuddyTurnstone,H10N7
673,5/18/2013,NewJersey,RuddyTurnstone,H10Nx
674,5/16/2013,NewJersey,RuddyTurnstone,H10Nx
675,5/26/2013,NewJersey,RuddyTurnstone,H10N2
676,5/18/2013,NewJersey,RuddyTurnstone,HxNx
677,5/21/2013,NewJersey,RuddyTurnstone,H10Nx
678,5/21/2013,NewJersey,RuddyTurnstone,H10N9
679,5/21/2013,NewJersey,RuddyTurnstone,HxNx
680,5/15/2013,NewJersey,RuddyTurnstone,H16Nx
681,5/22/2013,NewJersey,RuddyTurnstone,H10Nx
682,5/15/2013,NewJersey,RuddyTurnstone,H10Nx
683,5/29/2013,NewJersey,RuddyTurnstone,HxNx
684,5/26/2013,NewJersey,RuddyTurnstone,H10N8
685,5/26/2013,NewJersey,RuddyTurnstone,HxNx
686,5/21/2013,NewJersey,RuddyTurnstone,HxNx
687,5/22/2013,NewJersey,RuddyTurnstone,H10Nx
688,5/26/2013,NewJersey,RuddyTurnstone,H11N8
689,5/28/2013,NewJersey,RuddyTurnstone,HxNx
690,5/27/2013,NewJersey,RuddyTurnstone,H10N7
691,5/29/2013,NewJersey,RuddyTurnstone,H10N2
692,5/26/2013,NewJersey,RuddyTurnstone,H10Nx
693,5/18/2013,NewJersey,RuddyTurnstone,H10Nx
694,5/27/2013,NewJersey,RuddyTurnstone,H10Nx
695,5/28/2013,NewJersey,RuddyTurnstone,H10Nx
696,5/22/2013,NewJersey,RuddyTurnstone,H11N2
697,5/16/2013,NewJersey,RuddyTurnstone,H10Nx
698,5/22/2013,NewJersey,RuddyTurnstone,HxNx
699,5/28/2013,NewJersey,RuddyTurnstone,H11Nx
700,5/26/2013,NewJersey,RuddyTurnstone,H10Nx
701,5/28/2013,NewJersey,RuddyTurnstone,H10Nx
702,5/16/2013,NewJersey,RuddyTurnstone,H10N9
703,5/28/2013,NewJersey,RuddyTurnstone,H10Nx
704,5/26/2013,NewJersey,RuddyTurnstone,H10Nx
705,5/26/2013,NewJersey,RuddyTurnstone,HxNx
706,5/15/2013,NewJersey,RuddyTurnstone,H11N2
707,5/28/2013,NewJersey,RuddyTurnstone,H10N1
708,5/28/2013,NewJersey,RuddyTurnstone,HxNx
709,5/29/2013,NewJersey,RuddyTurnstone,H10Nx
710,5/26/2013,NewJersey,RuddyTurnstone,H10Nx
711,5/26/2013,NewJersey,RuddyTurnstone,H10Nx
712,5/16/2013,NewJersey,RuddyTurnstone,HxNx
713,5/16/2013,NewJersey,RuddyTurnstone,H10Nx
714,5/22/2013,NewJersey,RuddyTurnstone,H10Nx
715,5/29/2013,NewJersey,RuddyTurnstone,HxNx
716,5/21/2013,NewJersey,RuddyTurnstone,H10N8
717,5/26/2013,NewJersey,RuddyTurnstone,H10Nx
718,5/16/2013,NewJersey,RuddyTurnstone,HxNx
719,5/26/2013,NewJersey,RuddyTurnstone,HxNx
720,5/19/2013,NewJersey,RuddyTurnstone,HxNx
721,5/26/2013,NewJersey,RuddyTurnstone,H11Nx
722,9/19/2012,Texas,Blue-WingedTeal,H11N6
723,9/16/2012,Texas,Blue-WingedTeal,H3N8
724,9/24/2012,Texas,Blue-WingedTeal,H4N6
725,9/22/2012,Louisiana,Blue-WingedTeal,H4N6
726,9/24/2012,Texas,Blue-WingedTeal,H4N6
727,9/23/2012,Texas,Blue-WingedTeal,H4N6
728,7/29/2012,Minnesota,Blue-WingedTeal,H3N8
729,9/23/2012,Texas,Blue-WingedTeal,H4N3
730,9/16/2012,Texas,Blue-WingedTeal,H5N2
731,9/18/2012,Texas,Blue-WingedTeal,H3N6
732,9/24/2012,Texas,Blue-WingedTeal,H4N6
733,9/23/2012,Texas,Blue-WingedTeal,H9N2
734,9/21/2012,Louisiana,Blue-WingedTeal,H3N8
735,9/15/2012,Texas,Blue-WingedTeal,H4N6
736,9/16/2012,Texas,Blue-WingedTeal,Mixed
737,9/16/2012,Texas,Blue-WingedTeal,H11N9
738,9/16/2012,Texas,Blue-WingedTeal,H11N9
739,9/17/2012,Texas,Blue-WingedTeal,H3N8
740,9/24/2012,Texas,Blue-WingedTeal,H3N6
741,9/24/2012,Texas,Blue-WingedTeal,HxN6
742,9/19/2012,Texas,Blue-WingedTeal,H4N6
743,9/24/2012,Texas,Blue-WingedTeal,H4N6
744,9/22/2012,Louisiana,Blue-WingedTeal,H4N6
745,9/15/2012,Texas,Blue-WingedTeal,H4N6
746,9/19/2012,Texas,Blue-WingedTeal,H4N6
747,9/16/2012,Texas,Blue-WingedTeal,H4N6
748,9/17/2012,Texas,Blue-WingedTeal,H3N8
749,9/19/2012,Texas,Blue-WingedTeal,H4N6
750,9/18/2012,Texas,Blue-WingedTeal,H4N6
751,9/16/2012,Texas,Blue-WingedTeal,H3N6
752,9/16/2012,Texas,Blue-WingedTeal,H3N6
753,9/15/2012,Texas,Blue-WingedTeal,H4N6
754,9/23/2012,Texas,Blue-WingedTeal,H4N8
755,9/19/2012,Texas,Blue-WingedTeal,H2N3
756,9/15/2012,Texas,Blue-WingedTeal,H4N6
757,9/16/2012,Texas,Blue-WingedTeal,H3N8
758,7/29/2012,Minnesota,Blue-WingedTeal,H10N7
759,9/16/2012,Texas,Blue-WingedTeal,H1N1
760,9/24/2012,Texas,Blue-WingedTeal,H4N6
761,9/15/2012,Texas,Blue-WingedTeal,H1N1
762,9/16/2012,Texas,Blue-WingedTeal,H4N2
763,9/9/2012,Minnesota,MallardXAm.BlackDuckHybrid,H11N9
764,9/4/2012,Minnesota,Environmental,H7N3
765,9/4/2012,Minnesota,Environmental,H2Nx
766,9/4/2012,Minnesota,Environmental,H7Nx
767,9/4/2012,Minnesota,Environmental,H3Nx
768,9/2/2012,Minnesota,Green-WingedTeal,HxNx
769,9/23/2012,Texas,Green-WingedTeal,-N/A-
770,5/18/2013,NewJersey,LaughingGull,H10Nx
771,5/18/2013,NewJersey,LaughingGull,H10Nx
772,5/21/2013,NewJersey,LaughingGull,H10Nx
773,5/18/2013,NewJersey,LaughingGull,H16N3
774,9/12/2012,Minnesota,AmericanBlackDuck,H1N1
775,9/4/2012,Minnesota,Environmental,HxNx
776,9/4/2012,Minnesota,Environmental,H7Nx
777,9/18/2012,Minnesota,Environmental,H3Nx
778,5/28/2013,NewJersey,RuddyTurnstone,H10N7
779,5/29/2013,NewJersey,RuddyTurnstone,HxNx
780,5/29/2013,NewJersey,RuddyTurnstone,HxNx
781,5/26/2013,NewJersey,RuddyTurnstone,HxNx
782,5/19/2013,NewJersey,RuddyTurnstone,H10Nx
783,5/29/2013,NewJersey,RuddyTurnstone,H10N1
784,5/15/2013,NewJersey,RuddyTurnstone,H11Nx
785,5/28/2013,NewJersey,RuddyTurnstone,HxNx
786,5/21/2013,NewJersey,RuddyTurnstone,HxNx
787,5/26/2013,NewJersey,RuddyTurnstone,HxNx
788,5/15/2013,NewJersey,RuddyTurnstone,H10N2
789,5/29/2013,NewJersey,RuddyTurnstone,H10Nx
790,5/26/2013,NewJersey,RuddyTurnstone,H11Nx
791,5/15/2013,NewJersey,RuddyTurnstone,H10N2
792,5/19/2013,NewJersey,RuddyTurnstone,H10Nx
793,5/19/2013,NewJersey,RuddyTurnstone,HxNx
794,5/22/2013,NewJersey,RuddyTurnstone,H10Nx
795,5/21/2013,NewJersey,RuddyTurnstone,HxNx
796,5/19/2013,NewJersey,RuddyTurnstone,HxNx
797,5/19/2013,NewJersey,RuddyTurnstone,HxNx
798,5/16/2013,NewJersey,RuddyTurnstone,HxNx
799,5/27/2013,NewJersey,RuddyTurnstone,H10Nx
800,5/21/2013,NewJersey,RuddyTurnstone,H10Nx
801,5/21/2013,NewJersey,RuddyTurnstone,HxNx
802,5/22/2013,NewJersey,RuddyTurnstone,H10Nx
803,5/26/2013,NewJersey,RuddyTurnstone,HxNx
804,5/26/2013,NewJersey,RuddyTurnstone,HxNx
805,5/15/2013,NewJersey,RuddyTurnstone,H10Nx
806,5/26/2013,NewJersey,RuddyTurnstone,H11Nx
807,5/26/2013,NewJersey,RuddyTurnstone,H10Nx
808,5/20/2013,NewJersey,RuddyTurnstone,H10N7
809,5/22/2013,NewJersey,RuddyTurnstone,H10N8
810,5/21/2013,NewJersey,RuddyTurnstone,HxNx
811,5/15/2013,NewJersey,RuddyTurnstone,HxNx
812,5/26/2013,NewJersey,RuddyTurnstone,H10Nx
813,5/21/2013,NewJersey,RuddyTurnstone,HxNx
814,5/28/2013,NewJersey,RuddyTurnstone,H10N1
815,5/26/2013,NewJersey,RuddyTurnstone,H10N7
816,5/26/2013,NewJersey,RuddyTurnstone,H10Nx
817,5/21/2013,NewJersey,RuddyTurnstone,HxNx
818,5/29/2013,NewJersey,RuddyTurnstone,H10Nx
819,5/19/2013,NewJersey,RuddyTurnstone,HxNx
820,5/19/2013,NewJersey,RuddyTurnstone,HxNx
821,5/15/2013,NewJersey,RuddyTurnstone,HxNx
822,5/19/2013,NewJersey,RuddyTurnstone,H6Nx
823,5/26/2013,NewJersey,RuddyTurnstone,HxNx
824,5/21/2013,NewJersey,RuddyTurnstone,HxNx
825,5/28/2013,NewJersey,RuddyTurnstone,H10N1
826,5/26/2013,NewJersey,RuddyTurnstone,HxNx
827,5/15/2013,NewJersey,RuddyTurnstone,HxNx
828,5/26/2013,NewJersey,RuddyTurnstone,H10N7
829,5/21/2013,NewJersey,RuddyTurnstone,H11N2
830,5/21/2013,NewJersey,RuddyTurnstone,HxNx
831,5/20/2013,NewJersey,RuddyTurnstone,HxNx
832,5/22/2013,NewJersey,RuddyTurnstone,H10N2
833,5/28/2013,NewJersey,RuddyTurnstone,H10N1
834,5/29/2013,NewJersey,RuddyTurnstone,H10Nx
835,5/26/2013,NewJersey,RuddyTurnstone,H10Nx
836,5/21/2013,NewJersey,RuddyTurnstone,HxNx
837,5/19/2013,NewJersey,RuddyTurnstone,H10N9
838,5/26/2013,NewJersey,RuddyTurnstone,H10Nx
839,5/26/2013,NewJersey,RuddyTurnstone,H11Nx
840,5/21/2013,NewJersey,RuddyTurnstone,HxNx
841,5/21/2013,NewJersey,RuddyTurnstone,H10Nx
842,5/28/2013,NewJersey,RuddyTurnstone,H10Nx
843,5/26/2013,NewJersey,RuddyTurnstone,H10N8
844,5/28/2013,NewJersey,RuddyTurnstone,HxNx
845,7/29/2012,Minnesota,Shoveler,-N/A-
846,6/30/2012,Minnesota,Ring-BilledGull,H13N6
847,6/30/2012,Minnesota,Ring-BilledGull,H13N6
848,6/30/2012,Minnesota,Ring-BilledGull,H13N6
849,6/30/2012,Minnesota,Ring-BilledGull,H13N6
850,6/30/2012,Minnesota,Ring-BilledGull,H13N6
851,6/30/2012,Minnesota,Ring-BilledGull,H13N6
852,9/12/2012,Minnesota,Mallard,H10N7
853,9/13/2012,Minnesota,Mallard,H11N9
854,9/2/2012,Minnesota,Mallard,H2N3
855,9/8/2012,Minnesota,Mallard,H2N2
856,9/20/2012,Minnesota,Mallard,H3N6
857,9/6/2012,Minnesota,Mallard,HxN6
858,9/17/2012,Minnesota,Mallard,H4N6
859,9/2/2012,Minnesota,Mallard,HxN3
860,9/4/2012,Minnesota,Mallard,H3N8
861,9/4/2012,Minnesota,Mallard,H3N8
862,9/14/2012,Minnesota,Mallard,Mixed
863,9/8/2012,Minnesota,Mallard,H3N8
864,9/13/2012,Minnesota,Mallard,H11N9
865,9/13/2012,Minnesota,Mallard,H11N9
866,9/6/2012,Minnesota,Mallard,H3N6
867,9/2/2012,Minnesota,Mallard,H4N6
868,9/12/2012,Minnesota,Mallard,H2N3
869,9/4/2012,Minnesota,Mallard,H2N3
870,9/8/2012,Minnesota,Mallard,H3Nx
871,9/9/2012,Minnesota,Mallard,H2N3
872,9/20/2012,Minnesota,Mallard,H3N6
873,9/3/2012,Minnesota,Mallard,H4N6
874,9/18/2012,Minnesota,Mallard,H3N8
875,9/10/2012,Minnesota,Mallard,H4N6
876,9/3/2012,Minnesota,Mallard,H2Nx
877,9/8/2012,Minnesota,Mallard,H4Nx
878,9/2/2012,Minnesota,Mallard,H4N6
879,9/13/2012,Minnesota,Mallard,H11N9
880,9/3/2012,Minnesota,Mallard,H4N6
881,9/6/2012,Minnesota,Mallard,H4N6
882,9/4/2012,Minnesota,Mallard,H2Nx
883,9/6/2012,Minnesota,Mallard,H3N8
884,9/4/2012,Minnesota,Mallard,HxN6
885,9/6/2012,Minnesota,Mallard,H4N6
886,9/6/2012,Minnesota,Mallard,H3N8
887,9/18/2012,Minnesota,Mallard,H10N2
888,9/8/2012,Minnesota,Mallard,H2Nx
889,9/2/2012,Minnesota,Mallard,H11N9
890,9/4/2012,Minnesota,Mallard,H3Nx
891,9/8/2012,Minnesota,Mallard,H3Nx
892,9/9/2012,Minnesota,Mallard,H2N3
893,9/13/2012,Minnesota,Mallard,H2N3
894,9/12/2012,Minnesota,Mallard,H3N8
895,9/14/2012,Minnesota,Mallard,H2N3
896,9/20/2012,Minnesota,Mallard,H5N2
897,9/6/2012,Minnesota,Mallard,H3N8
898,9/2/2012,Minnesota,Mallard,H2N3
899,9/3/2012,Minnesota,Mallard,H2N6
900,9/6/2012,Minnesota,Mallard,H2Nx
901,9/6/2012,Minnesota,Mallard,H3N8
902,9/10/2012,Minnesota,Mallard,-N/A-
903,9/6/2012,Minnesota,Mallard,H3Nx
904,9/6/2012,Minnesota,Mallard,H4N6
905,9/2/2012,Minnesota,Mallard,H4N6
906,9/3/2012,Minnesota,Mallard,Mixed
907,9/12/2012,Minnesota,Mallard,H2N3
908,9/14/2012,Minnesota,Mallard,H2N3
909,9/20/2012,Minnesota,Mallard,H2N3
910,9/14/2012,Minnesota,Mallard,H2N3
911,9/13/2012,Minnesota,Mallard,H11N9
912,9/12/2012,Minnesota,Mallard,H2N3
913,9/20/2012,Minnesota,Mallard,H3N3
914,9/14/2012,Minnesota,Mallard,H3N8
915,9/2/2012,Minnesota,Mallard,H4N6
916,9/6/2012,Minnesota,Mallard,H3N8
917,9/6/2012,Minnesota,Mallard,H3N8
918,9/4/2012,Minnesota,Mallard,H2N4
919,9/13/2012,Minnesota,Mallard,H11N9
920,9/14/2012,Minnesota,Mallard,-N/A-
921,9/13/2012,Minnesota,Mallard,-N/A-
922,9/9/2012,Minnesota,Mallard,H11N9
923,9/12/2012,Minnesota,Mallard,H3N8
924,9/13/2012,Minnesota,Mallard,HxN3
925,9/12/2012,Minnesota,Mallard,H2N3
926,9/6/2012,Minnesota,Mallard,H3N8
927,9/20/2012,Minnesota,Mallard,H1N6
928,9/14/2012,Minnesota,Mallard,H3N1
929,9/6/2012,Minnesota,Mallard,H3N6
930,9/14/2012,Minnesota,Mallard,H3N8
931,9/12/2012,Minnesota,Mallard,H1N1
932,9/6/2012,Minnesota,Mallard,H3N8
933,9/9/2012,Minnesota,Mallard,H3Nx
934,9/6/2012,Minnesota,Mallard,H3Nx
935,9/6/2012,Minnesota,Mallard,H3N6
936,9/3/2012,Minnesota,Mallard,H4N6
937,9/14/2012,Minnesota,Mallard,H3N8
938,9/12/2012,Minnesota,Mallard,H11N9
939,9/14/2012,Minnesota,Mallard,H2N3
940,9/2/2012,Minnesota,Mallard,H2N3
941,9/13/2012,Minnesota,Mallard,H11N9
942,9/13/2012,Minnesota,Mallard,-N/A-
943,9/8/2012,Minnesota,Mallard,H2Nx
944,9/14/2012,Minnesota,Mallard,H11N9
945,9/5/2012,Minnesota,Mallard,H4N6
946,9/12/2012,Minnesota,Mallard,H3N8
947,9/6/2012,Minnesota,Mallard,H4Nx
948,9/3/2012,Minnesota,Mallard,H11N9
949,9/6/2012,Minnesota,Mallard,H3N8
950,9/4/2012,Minnesota,Mallard,-N/A-
951,9/14/2012,Minnesota,Mallard,H2N5
952,9/12/2012,Minnesota,Mallard,H4N6
953,9/20/2012,Minnesota,Mallard,H1N1
954,9/6/2012,Minnesota,Mallard,H3N6
955,9/12/2012,Minnesota,Mallard,H3N8
956,9/2/2012,Minnesota,Mallard,H2N3
957,9/20/2012,Minnesota,Mallard,H4N6
958,9/12/2012,Minnesota,Mallard,H11N9
959,9/10/2012,Minnesota,Mallard,H11N3
960,9/18/2012,Minnesota,Mallard,H4N6
961,9/6/2012,Minnesota,Mallard,H3N3
962,9/20/2012,Minnesota,Mallard,H2N2
963,9/12/2012,Minnesota,Mallard,H12N5
964,9/6/2012,Minnesota,Mallard,H4Nx
965,9/20/2012,Minnesota,Mallard,H2N6
966,9/6/2012,Minnesota,Mallard,HxN6
967,9/10/2012,Minnesota,Mallard,H11N3
968,9/10/2012,Minnesota,Mallard,H2N3
969,9/11/2012,Minnesota,Mallard,H5N2
970,9/5/2012,Minnesota,Mallard,H4N3
971,9/3/2012,Minnesota,Mallard,H4N6
972,9/9/2012,Minnesota,Mallard,H11N9
973,9/5/2012,Minnesota,Mallard,H4N6
974,9/6/2012,Minnesota,Mallard,H1N1
975,9/6/2012,Minnesota,Mallard,H4N6
976,9/12/2012,Minnesota,Mallard,H2Nx
977,9/4/2012,Minnesota,Mallard,H2N6
978,9/13/2012,Minnesota,Mallard,H2N3
979,9/2/2012,Minnesota,Mallard,H4N6
980,9/6/2012,Minnesota,Mallard,H4N6
981,9/13/2012,Minnesota,Mallard,H2N3
982,9/12/2012,Minnesota,Mallard,H2Nx
983,9/6/2012,Minnesota,Mallard,HxNx
984,9/13/2012,Minnesota,Mallard,H11N9
985,9/20/2012,Minnesota,Mallard,H2N3
986,9/6/2012,Minnesota,Mallard,H3N8
987,9/9/2012,Minnesota,Mallard,H3N2
988,9/3/2012,Minnesota,Mallard,H4N6
989,9/5/2012,Minnesota,Mallard,H4N3
990,9/9/2012,Minnesota,Mallard,H2N3
991,9/9/2012,Minnesota,Mallard,H11N9
992,9/9/2012,Minnesota,Mallard,H11N9
993,9/3/2012,Minnesota,Mallard,H4N6
994,9/21/2012,Minnesota,Mallard,H11N9
995,9/10/2012,Minnesota,Mallard,H11N9
996,9/6/2012,Minnesota,Mallard,H3N8
997,7/29/2012,Minnesota,Mallard,HxN8
998,9/12/2012,Minnesota,Mallard,H2N3
999,9/12/2012,Minnesota,Mallard,H2N5
1000,9/12/2012,Minnesota,Mallard,H3Nx
1001,7/29/2012,Minnesota,Mallard,H10N7
1002,9/2/2012,Minnesota,Mallard,H4N6
1003,9/6/2012,Minnesota,Mallard,Mixed
1004,9/9/2012,Minnesota,Mallard,H11N9
1005,9/10/2012,Minnesota,Mallard,H4N6
1006,9/8/2012,Minnesota,Mallard,H3N8
1007,9/18/2012,Minnesota,Mallard,H3N8
1008,9/12/2012,Minnesota,Mallard,H2Nx
1009,9/18/2012,Minnesota,Mallard,H11N9
1010,9/20/2012,Minnesota,Mallard,H3N3
1011,9/14/2012,Minnesota,Mallard,H3N3
1012,9/6/2012,Minnesota,Mallard,Mixed
1013,9/20/2012,Minnesota,Mallard,H11N2
1014,9/8/2012,Minnesota,Mallard,H3N8
1015,9/6/2012,Minnesota,Mallard,H3N8
1016,9/13/2012,Minnesota,Mallard,H4N6
