CollectionDate,State,Subtype
8/14/2015,Alaska,-N/A-
1/9/2014,Massachusetts,-N/A-
1/10/2014,Massachusetts,-N/A-
1/9/2014,Massachusetts,-N/A-
1/10/2014,Massachusetts,-N/A-
1/9/2014,Massachusetts,-N/A-
1/9/2014,Massachusetts,-N/A-
3/4/2014,Massachusetts,-N/A-
1/10/2014,Massachusetts,-N/A-
1/15/2014,Massachusetts,-N/A-
6/19/2013,Maine,-N/A-
1/9/2014,Massachusetts,-N/A-
6/19/2013,Maine,-N/A-
1/16/2014,Massachusetts,-N/A-
1/16/2014,Massachusetts,-N/A-
1/16/2014,Massachusetts,-N/A-
1/16/2014,Massachusetts,-N/A-
1/16/2014,Massachusetts,-N/A-
1/16/2014,Massachusetts,-N/A-
1/16/2014,Massachusetts,-N/A-
1/16/2014,Massachusetts,-N/A-
1/16/2014,Massachusetts,H4N4
1/16/2014,Massachusetts,H4N4
1/16/2014,Massachusetts,-N/A-
1/16/2014,Massachusetts,H4N4
1/16/2014,Massachusetts,H4N4
1/16/2014,Massachusetts,-N/A-
1/16/2014,Massachusetts,-N/A-
1/16/2014,Massachusetts,-N/A-
1/16/2014,Massachusetts,-N/A-
1/16/2014,Massachusetts,H4N4
1/16/2014,Massachusetts,-N/A-
1/16/2014,Massachusetts,-N/A-
1/16/2014,Massachusetts,-N/A-
1/16/2014,Massachusetts,-N/A-
1/16/2014,Massachusetts,-N/A-
1/16/2014,Massachusetts,-N/A-
1/16/2014,Massachusetts,-N/A-
1/16/2014,Massachusetts,-N/A-
1/16/2014,Massachusetts,-N/A-
1/16/2014,Massachusetts,H4N4
1/16/2014,Massachusetts,H4N4
1/16/2014,Massachusetts,-N/A-
1/16/2014,Massachusetts,-N/A-
1/16/2014,Massachusetts,-N/A-
1/16/2014,Massachusetts,H4N4
1/16/2014,Massachusetts,H4N4
1/16/2014,Massachusetts,-N/A-
8/11/2015,Alaska,-N/A-
9/24/2015,Alaska,-N/A-
8/14/2015,Alaska,-N/A-
8/12/2015,Alaska,-N/A-
8/13/2015,Alaska,-N/A-
8/11/2015,Alaska,-N/A-
7/23/2015,Alaska,-N/A-
8/16/2014,Alaska,-N/A-
7/12/2013,Alaska,-N/A-
7/12/2013,Alaska,-N/A-
7/23/2013,Alaska,-N/A-
7/12/2013,Alaska,-N/A-
7/20/2013,Alaska,-N/A-
7/21/2015,Alaska,-N/A-
7/20/2013,Alaska,-N/A-
7/22/2013,Alaska,-N/A-
7/7/2015,Alaska,-N/A-
7/23/2015,Alaska,-N/A-
8/13/2015,Alaska,-N/A-
8/14/2015,Alaska,-N/A-
8/14/2015,Alaska,-N/A-
8/11/2015,Alaska,-N/A-
8/11/2015,Alaska,-N/A-
8/11/2015,Alaska,-N/A-
8/11/2015,Alaska,-N/A-
8/11/2015,Alaska,-N/A-
8/11/2015,Alaska,-N/A-
8/13/2015,Alaska,-N/A-
8/11/2015,Alaska,-N/A-
8/15/2015,Alaska,-N/A-
8/13/2015,Alaska,-N/A-
8/14/2015,Alaska,-N/A-
8/11/2015,Alaska,-N/A-
8/13/2015,Alaska,-N/A-
8/14/2015,Alaska,-N/A-
8/13/2015,Alaska,-N/A-
8/13/2015,Alaska,-N/A-
8/12/2015,Alaska,-N/A-
8/13/2015,Alaska,-N/A-
8/11/2015,Alaska,-N/A-
8/11/2015,Alaska,-N/A-
8/12/2015,Alaska,-N/A-
8/14/2015,Alaska,-N/A-
8/14/2015,Alaska,-N/A-
8/11/2015,Alaska,-N/A-
8/12/2015,Alaska,-N/A-
8/11/2015,Alaska,-N/A-
8/11/2015,Alaska,-N/A-
8/12/2015,Alaska,-N/A-
8/11/2015,Alaska,-N/A-
8/11/2015,Alaska,-N/A-
8/10/2015,Alaska,-N/A-
8/11/2015,Alaska,-N/A-
8/11/2015,Alaska,-N/A-
8/11/2015,Alaska,-N/A-
8/11/2015,Alaska,-N/A-
8/12/2015,Alaska,-N/A-
8/15/2015,Alaska,-N/A-
8/13/2015,Alaska,-N/A-
8/13/2015,Alaska,-N/A-
8/13/2015,Alaska,-N/A-
8/11/2015,Alaska,-N/A-
8/11/2015,Alaska,-N/A-
8/11/2015,Alaska,-N/A-
8/14/2015,Alaska,-N/A-
8/11/2015,Alaska,-N/A-
8/14/2015,Alaska,-N/A-
8/12/2015,Alaska,-N/A-
8/11/2015,Alaska,-N/A-
8/11/2015,Alaska,-N/A-
8/14/2015,Alaska,-N/A-
8/11/2015,Alaska,-N/A-
1/9/2014,Massachusetts,-N/A-
8/14/2015,Alaska,-N/A-
8/11/2015,Alaska,-N/A-
8/14/2015,Alaska,-N/A-
8/14/2015,Alaska,-N/A-
8/11/2015,Alaska,-N/A-
9/7/2015,Alaska,-N/A-
10/5/2015,Alaska,-N/A-
8/13/2015,Alaska,-N/A-
8/15/2015,Alaska,-N/A-
8/13/2015,Alaska,-N/A-
10/7/2015,Alaska,-N/A-
8/12/2015,Alaska,-N/A-
8/12/2015,Alaska,-N/A-
8/12/2015,Alaska,-N/A-
8/13/2015,Alaska,-N/A-
8/12/2015,Alaska,-N/A-
8/12/2015,Alaska,-N/A-
8/11/2015,Alaska,-N/A-
8/12/2015,Alaska,-N/A-
8/14/2015,Alaska,-N/A-
8/14/2015,Alaska,-N/A-
8/13/2015,Alaska,-N/A-
8/15/2015,Alaska,-N/A-
8/11/2015,Alaska,-N/A-
8/11/2015,Alaska,-N/A-
8/15/2015,Alaska,-N/A-
8/15/2015,Alaska,-N/A-
8/14/2015,Alaska,-N/A-
8/11/2015,Alaska,-N/A-
8/14/2015,Alaska,-N/A-
8/14/2015,Alaska,-N/A-
8/11/2015,Alaska,-N/A-
8/11/2015,Alaska,-N/A-
8/15/2015,Alaska,-N/A-
8/12/2015,Alaska,-N/A-
8/15/2015,Alaska,-N/A-
8/13/2015,Alaska,-N/A-
8/12/2015,Alaska,-N/A-
8/12/2015,Alaska,-N/A-
8/13/2015,Alaska,-N/A-
8/12/2015,Alaska,-N/A-
8/14/2015,Alaska,-N/A-
8/11/2015,Alaska,-N/A-
8/13/2015,Alaska,-N/A-
8/12/2015,Alaska,-N/A-
8/11/2015,Alaska,-N/A-
8/13/2015,Alaska,-N/A-
8/12/2015,Alaska,-N/A-
8/11/2015,Alaska,-N/A-
8/14/2015,Alaska,-N/A-
8/13/2015,Alaska,-N/A-
8/13/2015,Alaska,-N/A-
8/14/2015,Alaska,-N/A-
8/14/2015,Alaska,-N/A-
8/14/2015,Alaska,-N/A-
8/14/2015,Alaska,-N/A-
8/12/2015,Alaska,-N/A-
8/13/2015,Alaska,-N/A-
9/11/2015,Alaska,-N/A-
8/11/2015,Alaska,-N/A-
8/12/2015,Alaska,-N/A-
8/11/2015,Alaska,-N/A-
8/13/2015,Alaska,-N/A-
8/11/2015,Alaska,-N/A-
8/13/2015,Alaska,-N/A-
8/13/2015,Alaska,-N/A-
8/12/2015,Alaska,-N/A-
8/13/2015,Alaska,-N/A-
8/12/2015,Alaska,-N/A-
8/15/2015,Alaska,-N/A-
8/14/2015,Alaska,-N/A-
9/19/2015,Alaska,-N/A-
8/12/2015,Alaska,-N/A-
8/12/2015,Alaska,-N/A-
8/14/2015,Alaska,-N/A-
8/15/2015,Alaska,-N/A-
8/11/2015,Alaska,-N/A-
8/13/2015,Alaska,-N/A-
8/11/2015,Alaska,-N/A-
8/13/2015,Alaska,-N/A-
8/11/2015,Alaska,-N/A-
9/25/2013,Alaska,-N/A-
1/16/2014,Massachusetts,-N/A-
1/16/2014,Massachusetts,-N/A-
1/16/2014,Massachusetts,H4N4
1/16/2014,Massachusetts,-N/A-
1/16/2014,Massachusetts,H4N4
1/16/2014,Massachusetts,-N/A-
1/16/2014,Massachusetts,-N/A-
1/16/2014,Massachusetts,H4N4
1/16/2014,Massachusetts,-N/A-
1/16/2014,Massachusetts,H4N4
1/16/2014,Massachusetts,-N/A-
1/16/2014,Massachusetts,-N/A-
1/16/2014,Massachusetts,-N/A-
1/16/2014,Massachusetts,-N/A-
1/16/2014,Massachusetts,-N/A-
1/16/2014,Massachusetts,-N/A-
1/16/2014,Massachusetts,-N/A-
1/16/2014,Massachusetts,-N/A-
1/16/2014,Massachusetts,-N/A-
1/16/2014,Massachusetts,-N/A-
12/19/2013,Massachusetts,-N/A-
12/19/2013,Massachusetts,-N/A-
12/19/2013,Massachusetts,-N/A-
12/19/2013,Massachusetts,-N/A-
1/13/2014,Massachusetts,-N/A-
12/19/2013,Massachusetts,-N/A-
1/10/2014,Massachusetts,-N/A-
2/20/2014,Massachusetts,-N/A-
2/25/2014,Massachusetts,-N/A-
12/19/2013,Massachusetts,-N/A-
4/4/2014,Massachusetts,-N/A-
2/25/2014,Massachusetts,-N/A-
2/25/2014,Massachusetts,-N/A-
1/10/2014,Massachusetts,-N/A-
1/15/2014,Massachusetts,-N/A-
12/19/2013,Massachusetts,-N/A-
12/19/2013,Massachusetts,-N/A-
12/19/2013,Massachusetts,H13N8
12/19/2013,Massachusetts,-N/A-
1/15/2014,Massachusetts,-N/A-
12/19/2013,Massachusetts,-N/A-
2/20/2014,Massachusetts,-N/A-
1/10/2014,Massachusetts,-N/A-
12/19/2013,Massachusetts,-N/A-
1/9/2014,Massachusetts,-N/A-
12/19/2013,Massachusetts,-N/A-
12/19/2013,Massachusetts,-N/A-
4/4/2014,Massachusetts,-N/A-
3/28/2014,Massachusetts,-N/A-
1/10/2014,Massachusetts,-N/A-
12/14/2012,Alaska,-N/A-
10/22/2014,Alaska,-N/A-
10/22/2014,Alaska,-N/A-
12/14/2012,Alaska,-N/A-
4/3/2013,Alaska,-N/A-
10/22/2014,Alaska,H1N1
12/14/2012,Alaska,-N/A-
4/7/2013,Alaska,-N/A-
12/14/2012,Alaska,-N/A-
4/7/2013,Alaska,-N/A-
12/14/2012,Alaska,-N/A-
12/14/2012,Alaska,-N/A-
4/7/2013,Alaska,-N/A-
10/22/2014,Alaska,-N/A-
12/14/2012,Alaska,-N/A-
4/5/2013,Alaska,-N/A-
12/14/2012,Alaska,-N/A-
4/7/2013,Alaska,-N/A-
9/29/2015,Alaska,-N/A-
4/5/2013,Alaska,-N/A-
12/14/2012,Alaska,-N/A-
4/8/2013,Alaska,-N/A-
4/2/2013,Alaska,-N/A-
3/29/2013,Alaska,-N/A-
12/14/2012,Alaska,-N/A-
10/22/2014,Alaska,-N/A-
10/22/2014,Alaska,-N/A-
12/14/2012,Alaska,-N/A-
12/14/2012,Alaska,-N/A-
4/6/2013,Alaska,-N/A-
12/14/2012,Alaska,-N/A-
10/22/2014,Alaska,-N/A-
10/22/2012,Massachusetts,-N/A-
2/20/2013,Massachusetts,-N/A-
2/7/2013,Massachusetts,-N/A-
12/19/2013,Massachusetts,-N/A-
2/7/2013,Massachusetts,-N/A-
7/3/2013,Massachusetts,-N/A-
1/9/2014,Massachusetts,-N/A-
11/9/2012,Massachusetts,-N/A-
12/6/2012,Massachusetts,-N/A-
12/20/2012,Massachusetts,-N/A-
2/15/2013,Massachusetts,-N/A-
1/15/2015,Massachusetts,-N/A-
1/9/2014,Massachusetts,-N/A-
12/6/2012,Massachusetts,-N/A-
1/9/2014,Massachusetts,-N/A-
3/5/2013,Massachusetts,-N/A-
1/15/2015,Massachusetts,-N/A-
3/5/2013,Massachusetts,-N/A-
12/19/2013,Massachusetts,-N/A-
2/20/2013,Massachusetts,-N/A-
11/20/2012,Massachusetts,-N/A-
2/7/2013,Massachusetts,-N/A-
6/4/2013,Massachusetts,-N/A-
11/9/2012,Massachusetts,-N/A-
7/3/2013,Massachusetts,-N/A-
12/19/2013,Massachusetts,-N/A-
12/19/2013,Massachusetts,-N/A-
12/20/2012,Massachusetts,-N/A-
1/15/2015,Massachusetts,-N/A-
12/19/2013,Massachusetts,-N/A-
7/3/2013,Massachusetts,-N/A-
1/9/2014,Massachusetts,-N/A-
3/5/2013,Massachusetts,-N/A-
1/9/2014,Massachusetts,-N/A-
1/15/2015,Massachusetts,-N/A-
4/4/2013,Massachusetts,-N/A-
11/9/2012,Massachusetts,-N/A-
1/15/2015,Massachusetts,-N/A-
7/3/2013,Massachusetts,-N/A-
2/7/2013,Massachusetts,-N/A-
7/3/2013,Massachusetts,-N/A-
11/20/2012,Massachusetts,-N/A-
12/19/2013,Massachusetts,-N/A-
6/17/2013,Massachusetts,-N/A-
1/15/2015,Massachusetts,-N/A-
12/19/2013,Massachusetts,-N/A-
9/21/2012,Massachusetts,-N/A-
11/9/2012,Massachusetts,-N/A-
2/20/2013,Massachusetts,-N/A-
11/9/2012,Massachusetts,-N/A-
3/5/2013,Massachusetts,-N/A-
2/7/2013,Massachusetts,-N/A-
2/7/2013,Massachusetts,-N/A-
2/7/2013,Massachusetts,-N/A-
10/11/2012,Massachusetts,H13N6
12/19/2013,Massachusetts,-N/A-
1/9/2014,Massachusetts,-N/A-
2/20/2013,Massachusetts,-N/A-
1/15/2015,Massachusetts,-N/A-
1/9/2014,Massachusetts,-N/A-
2/7/2013,Massachusetts,-N/A-
12/19/2013,Massachusetts,-N/A-
12/19/2013,Massachusetts,-N/A-
2/15/2013,Massachusetts,-N/A-
1/9/2014,Massachusetts,-N/A-
10/11/2012,Massachusetts,-N/A-
1/15/2015,Massachusetts,-N/A-
10/11/2012,Massachusetts,-N/A-
12/19/2013,Massachusetts,-N/A-
7/3/2013,Massachusetts,-N/A-
1/15/2015,Massachusetts,-N/A-
1/9/2014,Massachusetts,-N/A-
1/9/2014,Massachusetts,-N/A-
12/20/2012,Massachusetts,-N/A-
12/19/2013,Massachusetts,-N/A-
2/7/2013,Massachusetts,-N/A-
6/4/2013,Massachusetts,-N/A-
3/5/2013,Massachusetts,H9N1
10/11/2012,Massachusetts,-N/A-
12/19/2013,Massachusetts,-N/A-
1/15/2015,Massachusetts,-N/A-
7/3/2013,Massachusetts,H13N6
3/5/2013,Massachusetts,-N/A-
1/9/2014,Massachusetts,-N/A-
12/19/2013,Massachusetts,-N/A-
12/19/2013,Massachusetts,-N/A-
7/3/2013,Massachusetts,-N/A-
1/15/2015,Massachusetts,-N/A-
11/9/2012,Massachusetts,-N/A-
12/19/2013,Massachusetts,-N/A-
2/7/2013,Massachusetts,-N/A-
11/20/2012,Massachusetts,-N/A-
1/9/2014,Massachusetts,-N/A-
11/20/2012,Massachusetts,-N/A-
11/9/2012,Massachusetts,-N/A-
12/19/2013,Massachusetts,-N/A-
12/19/2013,Massachusetts,-N/A-
1/15/2015,Massachusetts,-N/A-
1/9/2014,Massachusetts,-N/A-
2/7/2013,Massachusetts,-N/A-
7/3/2013,Massachusetts,-N/A-
2/7/2013,Massachusetts,-N/A-
2/15/2013,Massachusetts,-N/A-
2/7/2013,Massachusetts,-N/A-
1/9/2014,Massachusetts,-N/A-
1/15/2015,Massachusetts,-N/A-
12/19/2013,Massachusetts,-N/A-
7/30/2013,Massachusetts,-N/A-
2/20/2013,Massachusetts,-N/A-
12/19/2013,Massachusetts,-N/A-
2/7/2013,Massachusetts,-N/A-
12/19/2013,Massachusetts,-N/A-
2/7/2013,Massachusetts,-N/A-
10/11/2012,Massachusetts,-N/A-
10/11/2012,Massachusetts,-N/A-
1/15/2015,Massachusetts,-N/A-
10/22/2012,Massachusetts,-N/A-
11/9/2012,Massachusetts,-N/A-
6/17/2013,Massachusetts,-N/A-
9/26/2013,Massachusetts,-N/A-
12/19/2013,Massachusetts,-N/A-
2/7/2013,Massachusetts,-N/A-
12/19/2013,Massachusetts,-N/A-
1/15/2015,Massachusetts,-N/A-
2/1/2013,Massachusetts,-N/A-
6/17/2013,Massachusetts,-N/A-
2/7/2013,Massachusetts,-N/A-
2/7/2013,Massachusetts,-N/A-
1/9/2014,Massachusetts,-N/A-
12/20/2012,Massachusetts,-N/A-
7/3/2013,Massachusetts,-N/A-
12/19/2013,Massachusetts,-N/A-
11/9/2012,Massachusetts,-N/A-
12/19/2013,Massachusetts,-N/A-
1/15/2015,Massachusetts,-N/A-
1/9/2014,Massachusetts,-N/A-
1/9/2014,Massachusetts,-N/A-
1/9/2014,Massachusetts,-N/A-
12/19/2013,Massachusetts,-N/A-
7/3/2013,Massachusetts,-N/A-
10/11/2012,Massachusetts,H16N3
3/5/2013,Massachusetts,-N/A-
1/9/2014,Massachusetts,-N/A-
10/11/2012,Massachusetts,-N/A-
12/19/2013,Massachusetts,-N/A-
7/3/2013,Massachusetts,-N/A-
7/3/2013,Massachusetts,-N/A-
4/17/2013,Massachusetts,-N/A-
12/19/2013,Massachusetts,-N/A-
2/1/2013,Massachusetts,-N/A-
3/5/2013,Massachusetts,-N/A-
1/9/2014,Massachusetts,-N/A-
9/26/2013,Massachusetts,-N/A-
1/15/2015,Massachusetts,-N/A-
11/9/2012,Massachusetts,-N/A-
1/9/2014,Massachusetts,-N/A-
1/15/2015,Massachusetts,-N/A-
12/19/2013,Massachusetts,-N/A-
12/3/2012,Maine,-N/A-
1/2/2013,Maine,H6N2
11/17/2013,Wisconsin,-N/A-
11/2/2013,Missouri,-N/A-
9/14/2013,Missouri,-N/A-
11/11/2012,Ohio,H1N8
11/18/2013,Wisconsin,-N/A-
11/18/2013,Wisconsin,-N/A-
8/20/2013,Ohio,-N/A-
9/21/2013,Wisconsin,-N/A-
8/8/2013,Ohio,H4N8
8/14/2013,Ohio,H4N2
10/12/2013,Ohio,H3N8
11/9/2013,Illinois,-N/A-
12/13/2013,Arkansas,-N/A-
12/1/2012,Illinois,-N/A-
11/9/2013,Illinois,-N/A-
11/10/2012,Ohio,H5N2
11/10/2012,Ohio,H5N2
11/2/2013,Missouri,-N/A-
11/16/2012,Ohio,H3N8
12/1/2012,Illinois,-N/A-
11/16/2012,Ohio,H3N8
10/23/2013,Ohio,-N/A-
11/22/2013,Ohio,-N/A-
11/17/2012,Ohio,H5N2
10/25/2013,Ohio,-N/A-
11/10/2013,Illinois,-N/A-
10/12/2013,Ohio,-N/A-
11/17/2012,Ohio,H7N3
9/22/2013,Ohio,H3N8
11/2/2013,Missouri,-N/A-
9/14/2013,Ohio,H6N8
11/9/2013,Ohio,-N/A-
12/8/2013,Mississippi,-N/A-
9/15/2012,Ohio,H11N2
9/14/2013,Ohio,-N/A-
10/20/2012,Illinois,Mixed
10/13/2012,Ohio,unknown
9/21/2013,Ohio,H6N8
9/21/2013,Ohio,H6N7
10/12/2013,Ohio,H3N6
10/19/2013,Illinois,-N/A-
9/21/2013,Ohio,H4N6
9/14/2013,Ohio,H7N3
9/21/2013,Ohio,H4N6
9/21/2013,Ohio,H4N6
9/14/2013,Ohio,H6N1
9/1/2012,Ohio,Mixed
9/8/2013,Ohio,Mixed
9/30/2012,Wisconsin,H11N9
9/8/2013,Ohio,-N/A-
11/2/2013,Missouri,-N/A-
9/27/2012,Wisconsin,H4N6
9/14/2013,Ohio,H4N8
12/8/2012,Mississippi,H5N2
9/7/2013,Illinois,-N/A-
9/14/2013,Ohio,H6N1
9/14/2013,Ohio,Mixed
1/12/2014,Mississippi,-N/A-
9/8/2013,Illinois,-N/A-
9/21/2013,Ohio,H6N2
9/4/2012,Ohio,H6N5
9/7/2013,Ohio,H6N8
11/10/2012,Illinois,H10N3
9/8/2012,Ohio,H6N5
9/8/2013,Ohio,H4N8
9/8/2013,Ohio,H3N8
9/22/2013,Ohio,H6N8
10/13/2012,Wisconsin,H4N2
9/7/2013,Illinois,-N/A-
9/21/2013,Ohio,H3N2
9/7/2012,Ohio,H4N6
9/8/2013,Ohio,H10N8
11/10/2013,Illinois,-N/A-
9/7/2013,Ohio,H4N6
9/30/2012,Wisconsin,Mixed
9/21/2013,Ohio,H6N8
12/28/2013,Missouri,-N/A-
9/27/2012,Wisconsin,H1N1
9/21/2013,Wisconsin,-N/A-
12/30/2013,Missouri,-N/A-
11/23/2012,Illinois,N8
12/1/2012,Illinois,-N/A-
2/5/2013,Ohio,Mixed
2/9/2013,Ohio,H1N2
2/5/2013,Ohio,H10N7
2/5/2013,Ohio,H3N6
2/7/2013,Ohio,H10N7
2/5/2013,Ohio,-N/A-
2/9/2013,Ohio,H6N2
2/10/2013,Ohio,H10N7
2/7/2013,Ohio,H7N3
2/7/2013,Ohio,H3N6
2/5/2013,Ohio,H4N6
2/5/2013,Ohio,H3N8
9/28/2013,Wisconsin,H6N2
10/24/2013,Ohio,-N/A-
11/9/2013,Ohio,-N/A-
10/13/2012,Ohio,Mixed
9/21/2013,Wisconsin,-N/A-
9/22/2012,Wisconsin,Mixed
11/18/2013,Wisconsin,-N/A-
9/22/2013,Ohio,H3N8
9/14/2013,Ohio,H4N6
9/21/2013,Ohio,H6N2
10/19/2013,Ohio,-N/A-
9/30/2012,Wisconsin,N6
9/29/2013,Wisconsin,H3N8
9/14/2013,Ohio,H3N2
9/29/2013,Wisconsin,H7N3
9/29/2012,Wisconsin,H11N9
9/29/2013,Wisconsin,H6N8
9/22/2013,Ohio,H6N8
9/1/2012,Ohio,-N/A-
11/2/2013,Missouri,-N/A-
9/8/2013,Ohio,Mixed
10/20/2012,Illinois,H3N8
9/7/2013,Ohio,H3N8
9/21/2013,Ohio,-N/A-
9/13/2013,Ohio,H7N2
9/21/2013,Ohio,H6N8
3/2/2012,Nebraska,H6N2
8/8/2013,Ohio,H4N8
11/10/2013,Illinois,-N/A-
8/6/2013,Ohio,-N/A-
9/21/2013,Iowa,-N/A-
9/4/2012,Ohio,-N/A-
9/8/2012,Missouri,-N/A-
9/14/2013,Missouri,-N/A-
9/14/2013,Ohio,Mixed
9/29/2013,Wisconsin,H3N2
9/8/2012,Ohio,H11N3
9/22/2012,Wisconsin,H11N9
9/14/2013,Missouri,-N/A-
9/21/2013,Iowa,-N/A-
10/20/2012,Illinois,H1N1
9/7/2013,Illinois,-N/A-
9/21/2013,Iowa,H4N8
9/21/2013,Iowa,H4N8
9/16/2013,Ohio,H7N1
9/8/2013,Illinois,-N/A-
9/15/2012,Ohio,H3N2
9/21/2013,Ohio,H6N2
9/21/2013,Ohio,-N/A-
10/13/2012,Ohio,H4N6
9/8/2012,Missouri,H4N8
9/14/2013,Missouri,-N/A-
9/29/2012,Wisconsin,Mixed
9/14/2013,Missouri,-N/A-
8/21/2013,Iowa,H4N6
9/21/2013,Wisconsin,-N/A-
9/7/2012,Ohio,H12N5
9/14/2013,Missouri,-N/A-
9/22/2013,Ohio,H2N3
10/12/2013,Ohio,H3N8
9/8/2012,Missouri,H4N8
9/13/2013,Ohio,H4N8
9/14/2013,Missouri,-N/A-
9/8/2012,Missouri,HxNx
9/1/2012,Ohio,H4N6
9/21/2013,Iowa,-N/A-
9/14/2013,Ohio,H3N8
9/21/2013,Iowa,H4N6
9/7/2013,Ohio,H3N6
9/21/2013,Iowa,H3N8
9/15/2012,Ohio,H4N6
11/2/2013,Missouri,-N/A-
10/13/2012,Wisconsin,H3N2
9/7/2013,Ohio,H3N2
9/21/2013,Iowa,H3N8
9/14/2013,Missouri,-N/A-
9/14/2013,Missouri,-N/A-
9/8/2012,Ohio,H4N6
9/7/2013,Illinois,-N/A-
9/2/2012,Ohio,H3N2
9/21/2013,Iowa,H4N8
9/15/2012,Ohio,H4N6
10/13/2012,Wisconsin,H4N8
9/21/2013,Ohio,H6N7
10/20/2012,Illinois,Mixed
9/13/2013,Ohio,H7N3
11/2/2013,Missouri,-N/A-
9/21/2013,Iowa,Mixed
9/15/2012,Ohio,H11N9
9/8/2012,Missouri,-N/A-
9/29/2012,Ohio,H4N6
9/1/2012,Ohio,H3N6
10/13/2012,Wisconsin,H4N8
9/7/2013,Illinois,-N/A-
9/8/2012,Illinois,H3N8
9/21/2013,Iowa,H3N8
9/15/2012,Ohio,H4N6
9/29/2012,Wisconsin,H3N2
9/14/2013,Ohio,H4N6
9/29/2012,Wisconsin,Mixed
9/21/2013,Iowa,H4N8
9/7/2013,Illinois,-N/A-
9/21/2013,Iowa,Mixed
9/8/2012,Illinois,H11N3
9/21/2013,Iowa,H7N3
9/14/2013,Ohio,H4N6
9/7/2013,Illinois,-N/A-
9/21/2013,Ohio,H4N6
10/19/2013,Illinois,-N/A-
9/14/2013,Missouri,-N/A-
9/14/2013,Missouri,-N/A-
9/1/2012,Ohio,Mixed
9/14/2013,Ohio,H4N8
10/12/2013,Ohio,-N/A-
9/8/2013,Illinois,-N/A-
9/1/2012,Ohio,H11
9/22/2013,Wisconsin,-N/A-
9/7/2013,Illinois,-N/A-
9/7/2012,Ohio,H10N9
10/13/2012,Wisconsin,H4N8
9/7/2012,Ohio,H3N6
9/21/2013,Iowa,H4N8
9/21/2013,Iowa,H4N8
9/21/2013,Iowa,-N/A-
9/14/2013,Missouri,-N/A-
9/14/2013,Ohio,H7N3
9/14/2013,Missouri,-N/A-
10/13/2012,Ohio,H11N9
9/14/2013,Missouri,-N/A-
9/21/2013,Iowa,-N/A-
9/1/2012,Ohio,H4N6
9/14/2013,Missouri,-N/A-
9/8/2012,Illinois,H3N8
10/12/2013,Ohio,-N/A-
11/10/2012,Illinois,H10N3
1/12/2014,Mississippi,-N/A-
10/25/2013,Ohio,-N/A-
1/12/2014,Mississippi,-N/A-
12/8/2013,Mississippi,-N/A-
10/13/2012,Ohio,H12N5
1/12/2014,Mississippi,-N/A-
11/2/2013,Missouri,-N/A-
12/10/2012,Missouri,Mixed
12/8/2012,Mississippi,Mixed
12/1/2012,Illinois,H7N3
1/13/2013,Mississippi,-N/A-
11/2/2013,Missouri,-N/A-
10/19/2013,Ohio,-N/A-
11/17/2012,Ohio,H7N3
12/8/2013,Mississippi,-N/A-
11/2/2013,Missouri,-N/A-
12/27/2013,Missouri,-N/A-
12/1/2012,Illinois,H6N2
11/10/2012,Ohio,H2N3
12/10/2012,Missouri,H10N3
1/13/2014,Mississippi,-N/A-
12/8/2013,Mississippi,-N/A-
11/2/2013,Missouri,-N/A-
10/20/2012,Illinois,H2N5
10/20/2012,Illinois,H1N1
8/6/2013,Ohio,-N/A-
8/6/2013,Ohio,-N/A-
8/2/2012,Ohio,-N/A-
12/12/2013,Mississippi,-N/A-
12/13/2013,Arkansas,-N/A-
10/19/2013,Illinois,-N/A-
8/20/2013,Ohio,H4N8
10/27/2012,Wisconsin,H3N8
8/6/2013,Ohio,H4N8
8/1/2013,Ohio,H1N8
11/23/2012,Illinois,Mixed
8/6/2013,Ohio,-N/A-
8/6/2013,Ohio,-N/A-
8/1/2013,Ohio,H1N8
8/20/2013,Ohio,H4N8
8/6/2013,Ohio,H4N8
8/14/2013,Ohio,H4N8
8/1/2013,Ohio,H1N8
8/6/2013,Ohio,-N/A-
8/6/2013,Ohio,-N/A-
8/1/2013,Ohio,H1N8
8/6/2013,Ohio,-N/A-
8/6/2013,Ohio,-N/A-
9/21/2013,Wisconsin,-N/A-
8/6/2013,Ohio,-N/A-
8/6/2013,Ohio,-N/A-
1/13/2014,Mississippi,-N/A-
8/1/2013,Ohio,H1N8
10/13/2012,Ohio,N6
8/14/2013,Ohio,-N/A-
8/6/2013,Ohio,-N/A-
11/23/2012,Illinois,H4N8
8/8/2012,Ohio,-N/A-
8/1/2013,Ohio,H1N8
10/12/2013,Ohio,-N/A-
8/12/2013,Ohio,H4N2
8/14/2013,Ohio,H4N2
8/8/2012,Ohio,H11
8/14/2013,Ohio,H4N2
8/3/2012,Ohio,Mixed
8/8/2013,Ohio,H4N8
10/20/2012,Illinois,H5N1
8/6/2013,Ohio,-N/A-
8/6/2013,Ohio,-N/A-
11/2/2013,Missouri,-N/A-
8/6/2013,Ohio,H4N8
10/19/2013,Indiana,-N/A-
8/8/2013,Ohio,H4N6
8/6/2013,Ohio,-N/A-
11/10/2012,Ohio,Mixed
8/14/2013,Ohio,H3N2
8/1/2013,Ohio,-N/A-
8/8/2013,Ohio,H4N8
11/16/2012,Ohio,H5N1
8/6/2013,Ohio,-N/A-
8/6/2013,Ohio,-N/A-
9/22/2012,Wisconsin,H6N1
11/9/2013,Ohio,-N/A-
9/21/2013,Wisconsin,-N/A-
8/8/2012,Ohio,N5
8/1/2013,Ohio,-N/A-
9/21/2013,Wisconsin,-N/A-
8/6/2013,Ohio,H4N8
11/9/2013,Illinois,-N/A-
11/10/2012,Illinois,-N/A-
8/8/2013,Ohio,H1N8
8/8/2012,Ohio,H11
8/6/2013,Ohio,-N/A-
8/6/2013,Ohio,H4N8
8/8/2013,Ohio,H4N8
8/1/2013,Ohio,H1N8
1/6/2013,Ohio,N7
8/8/2013,Ohio,H4N8
9/21/2013,Wisconsin,-N/A-
8/1/2013,Ohio,-N/A-
10/19/2013,Indiana,-N/A-
9/21/2013,Wisconsin,-N/A-
8/8/2013,Ohio,H4N8
8/8/2012,Ohio,H11
9/21/2013,Wisconsin,-N/A-
11/17/2012,Ohio,H4N6
8/6/2013,Ohio,H4N8
8/9/2012,Ohio,-N/A-
11/9/2013,Ohio,-N/A-
8/6/2013,Ohio,-N/A-
8/20/2013,Ohio,H4N8
8/1/2012,Ohio,Mixed
11/10/2012,Ohio,HxNx
8/12/2013,Ohio,H2N2
9/21/2013,Wisconsin,-N/A-
8/6/2013,Ohio,-N/A-
11/13/2013,Ohio,-N/A-
8/1/2013,Ohio,H1N8
8/8/2013,Ohio,H9N2
8/6/2013,Ohio,-N/A-
12/13/2013,Arkansas,-N/A-
10/12/2013,Ohio,H9N2
6/24/2013,Ohio,H2N7
8/6/2013,Ohio,H4N8
9/28/2013,Wisconsin,H3N8
9/28/2013,Wisconsin,H11N9
11/9/2013,Ohio,-N/A-
8/6/2013,Ohio,-N/A-
8/1/2013,Ohio,-N/A-
10/20/2012,Illinois,H1N1
8/14/2013,Ohio,H3N2
8/6/2013,Ohio,-N/A-
8/1/2013,Ohio,-N/A-
9/21/2013,Wisconsin,-N/A-
12/10/2012,Missouri,H11N9
8/6/2013,Ohio,H4N8
8/8/2013,Ohio,H4N8
8/6/2013,Ohio,-N/A-
9/21/2013,Wisconsin,-N/A-
10/24/2013,Ohio,-N/A-
8/6/2013,Ohio,H4N8
8/6/2013,Ohio,H2N8
8/6/2013,Ohio,-N/A-
8/6/2013,Ohio,-N/A-
7/15/2013,Ohio,Mixed
8/6/2013,Ohio,H4N8
12/10/2012,Missouri,H10N7
8/1/2013,Ohio,-N/A-
8/6/2013,Ohio,-N/A-
10/19/2013,Ohio,-N/A-
8/1/2013,Ohio,-N/A-
8/6/2013,Ohio,H1N8
11/9/2013,Illinois,-N/A-
10/26/2013,Illinois,-N/A-
11/16/2013,Ohio,-N/A-
8/1/2013,Ohio,-N/A-
8/1/2013,Ohio,H1N8
8/6/2013,Ohio,-N/A-
10/12/2013,Ohio,-N/A-
8/8/2013,Ohio,H4N8
11/23/2012,Illinois,H11N9
12/27/2013,Missouri,-N/A-
8/6/2013,Ohio,-N/A-
3/6/2014,Ohio,H10N3
2/26/2014,Ohio,H10N2
2/26/2014,Ohio,-N/A-
7/30/2014,Ohio,-N/A-
7/22/2014,Ohio,-N/A-
9/3/2014,Ohio,-N/A-
7/30/2014,Ohio,-N/A-
7/14/2014,Ohio,-N/A-
9/3/2014,Ohio,-N/A-
7/22/2014,Ohio,-N/A-
7/22/2014,Ohio,-N/A-
9/4/2014,Ohio,-N/A-
8/22/2014,Ohio,H4N8
11/18/2014,Ohio,-N/A-
3/6/2014,Ohio,Mixed
10/23/2014,Ohio,HxNx
11/17/2014,Ohio,-N/A-
3/4/2014,Ohio,Mixed
10/20/2014,Ohio,H3N2
9/6/2014,Ohio,H6N2
9/20/2014,Ohio,-N/A-
9/20/2014,Ohio,H6N9
9/7/2014,Ohio,-N/A-
9/6/2014,Illinois,H4N8
9/6/2014,Ohio,H3N2
12/16/2014,Missouri,H11N9
1/12/2014,Mississippi,Mixed
9/8/2014,Ohio,-N/A-
11/15/2014,Missouri,H11N9
11/1/2014,Missouri,H4N8
10/25/2014,Illinois,H1N1
11/15/2014,Illinois,HxNx
9/6/2014,Ohio,-N/A-
9/15/2014,Maryland,H3N9
11/1/2014,Ohio,H11N9
8/22/2014,Ohio,H3N2
9/3/2014,Ohio,-N/A-
7/11/2014,Ohio,-N/A-
3/4/2014,Ohio,Mixed
9/4/2014,Ohio,-N/A-
7/23/2014,Maryland,-N/A-
9/3/2014,Ohio,-N/A-
7/11/2014,Ohio,-N/A-
2/26/2014,Ohio,H11N2
9/15/2014,Maryland,-N/A-
10/5/2014,Wisconsin,H3N6
7/10/2014,Ohio,-N/A-
8/12/2014,Maryland,H10N3
8/12/2014,Maryland,H10N3
1/13/2014,Mississippi,Mixed
8/27/2014,Ohio,-N/A-
11/16/2014,Illinois,H4N8
11/15/2014,Illinois,Mixed
11/16/2014,Illinois,H4N8
10/18/2014,Ohio,H5N9
10/18/2014,Ohio,H5N9
2/28/2014,Ohio,H6N2
10/18/2014,Ohio,HxNx
9/8/2014,Ohio,H3N6
10/25/2014,Missouri,HxNx
9/20/2014,Ohio,H4N8
9/6/2014,Ohio,Mixed
10/19/2014,Illinois,H2N5
9/8/2014,Ohio,H3N2
9/6/2014,Ohio,-N/A-
10/5/2014,Wisconsin,H3N2
9/6/2014,Missouri,H3N8
9/6/2014,Missouri,Mixed
9/6/2014,Missouri,H4N8
9/8/2014,Ohio,-N/A-
7/2/2014,Maryland,H5N2
7/11/2014,Ohio,-N/A-
11/17/2014,Ohio,-N/A-
9/3/2014,Ohio,H3N2
11/27/2014,Ohio,-N/A-
8/12/2014,Maryland,H10N3
8/27/2014,Ohio,-N/A-
2/26/2014,Ohio,Mixed
7/16/2014,Maryland,-N/A-
8/22/2014,Ohio,-N/A-
8/12/2014,Maryland,-N/A-
9/4/2014,Ohio,Mixed
7/11/2014,Ohio,-N/A-
7/11/2014,Ohio,-N/A-
7/23/2014,Maryland,H6N1
8/12/2014,Maryland,Mixed
7/11/2014,Ohio,-N/A-
9/4/2014,Ohio,H3N2
8/26/2014,Ohio,HxNx
9/4/2014,Ohio,H10N7
9/4/2014,Ohio,H3N2
1/11/2014,Maryland,Mixed
10/19/2014,Illinois,H3N8
9/15/2014,Maryland,H3N9
8/12/2014,Maryland,H4N6
7/23/2014,Maryland,-N/A-
11/25/2014,Ohio,Mixed
10/18/2014,Illinois,H4N8
8/27/2014,Ohio,-N/A-
8/22/2014,Ohio,H4N8
8/22/2014,Ohio,Mixed
2/26/2014,Ohio,H10N8
9/3/2014,Ohio,-N/A-
7/11/2014,Ohio,-N/A-
8/22/2014,Ohio,H5N2
8/22/2014,Ohio,-N/A-
11/18/2014,Ohio,H4N6
11/1/2014,Ohio,H1Nx
9/3/2014,Ohio,H4N2
7/11/2014,Ohio,H7N5
8/12/2014,Maryland,H4N6
10/4/2014,Iowa,HxNx
8/26/2014,Ohio,H4N8
8/26/2014,Ohio,Mixed
11/16/2014,Illinois,HxNx
9/4/2014,Ohio,-N/A-
8/12/2014,Maryland,H10N3
8/12/2014,Maryland,H4N6
8/22/2014,Ohio,-N/A-
9/15/2014,Maryland,-N/A-
7/11/2014,Ohio,HxNx
7/10/2014,Ohio,HxNx
8/12/2014,Maryland,H10N3
8/27/2014,Ohio,-N/A-
8/12/2014,Maryland,-N/A-
8/21/2014,Ohio,-N/A-
9/3/2014,Ohio,-N/A-
8/12/2014,Maryland,H4N6
8/26/2014,Ohio,-N/A-
8/12/2014,Maryland,HxNx
8/14/2014,Maryland,-N/A-
8/22/2014,Ohio,H4N8
8/14/2014,Maryland,-N/A-
8/12/2014,Maryland,H10N3
8/26/2014,Ohio,H3N2
7/11/2014,Ohio,-N/A-
7/11/2014,Ohio,H7N3
8/19/2014,Ohio,H5N2
11/15/2014,Ohio,H5N2
8/22/2014,Ohio,-N/A-
7/16/2014,Ohio,-N/A-
7/14/2014,Ohio,-N/A-
8/12/2014,Maryland,Mixed
8/22/2014,Ohio,H4N8
1/11/2014,Maryland,H10N7
8/27/2014,Ohio,H3N2
8/12/2014,Maryland,H4N6
11/1/2014,Ohio,H4N6
11/21/2014,Ohio,HxNx
11/1/2014,Ohio,H5N2
8/26/2014,Ohio,H4N8
11/25/2014,Ohio,-N/A-
8/12/2014,Maryland,-N/A-
8/22/2014,Ohio,-N/A-
8/27/2014,Ohio,H3N2
10/24/2014,Ohio,H6N1
9/15/2014,Maryland,H3N9
8/22/2014,Ohio,H3N2
9/15/2014,Maryland,H3N9
2/28/2014,Ohio,Mixed
8/21/2014,Ohio,-N/A-
2/26/2014,Ohio,H11N2
8/26/2014,Ohio,H4N8
8/27/2014,Ohio,-N/A-
9/3/2014,Ohio,-N/A-
7/11/2014,Ohio,H7N3
9/4/2014,Ohio,-N/A-
8/21/2014,Ohio,-N/A-
7/14/2014,Ohio,-N/A-
10/25/2014,Missouri,HxNx
9/17/2014,Maryland,H4N6
8/12/2014,Maryland,H4N6
8/12/2014,Maryland,H10N3
3/4/2014,Ohio,H11N2
8/12/2014,Maryland,-N/A-
8/22/2014,Ohio,H5N2
8/12/2014,Maryland,H10N3
11/15/2014,Ohio,HxNx
7/11/2014,Ohio,-N/A-
8/12/2014,Maryland,HxNx
7/2/2014,Maryland,H5N2
8/26/2014,Ohio,Mixed
7/11/2014,Ohio,-N/A-
7/23/2014,Maryland,-N/A-
7/11/2014,Ohio,H7N3
8/12/2014,Maryland,H10N3
7/2/2014,Maryland,H5N2
8/5/2014,Maryland,HxNx
1/11/2014,Maryland,H4N6
8/12/2014,Maryland,-N/A-
8/22/2014,Ohio,H4N8
8/14/2014,Maryland,-N/A-
11/25/2014,Ohio,-N/A-
11/16/2014,Illinois,H4N8
8/22/2014,Ohio,-N/A-
8/22/2014,Ohio,H3N2
7/2/2014,Maryland,H5N2
9/15/2014,Maryland,-N/A-
9/4/2014,Ohio,-N/A-
10/29/2014,Ohio,H5Nx
9/3/2014,Ohio,-N/A-
7/16/2014,Ohio,-N/A-
8/14/2014,Maryland,-N/A-
8/14/2014,Maryland,-N/A-
8/26/2014,Ohio,-N/A-
10/5/2014,Wisconsin,H4N8
8/27/2014,Ohio,H5N2
11/24/2014,Ohio,H10N7
8/26/2014,Ohio,-N/A-
8/12/2014,Maryland,H10N3
10/18/2014,Illinois,H11N9
1/11/2014,Maryland,H1N1
1/11/2014,Maryland,H6N8
10/28/2014,Ohio,H10N8
8/12/2014,Maryland,H10N3
8/14/2014,Maryland,-N/A-
9/4/2014,Ohio,H3N8
8/5/2014,Maryland,Mixed
7/11/2014,Ohio,-N/A-
7/16/2014,Ohio,-N/A-
9/4/2014,Ohio,-N/A-
8/14/2014,Maryland,-N/A-
2/26/2014,Ohio,H11N2
8/22/2014,Ohio,Mixed
8/22/2014,Ohio,-N/A-
7/2/2014,Maryland,H5N2
2/26/2014,Ohio,-N/A-
9/15/2014,Maryland,H3N9
8/22/2014,Ohio,-N/A-
7/11/2014,Ohio,-N/A-
8/12/2014,Maryland,HxNx
7/22/2014,Ohio,-N/A-
7/15/2014,Ohio,-N/A-
7/23/2014,Maryland,-N/A-
11/24/2014,Maryland,H10N6
11/24/2014,Maryland,H10N6
12/6/2014,Missouri,H4N6
1/13/2014,Mississippi,Mixed
11/19/2014,Missouri,H10N2
12/6/2014,Missouri,H10N7
1/12/2014,Mississippi,Mixed
1/12/2014,Mississippi,H7N2
1/12/2014,Mississippi,H7N3
11/19/2014,Missouri,Mixed
11/19/2014,Missouri,H7N3
12/12/2014,Arkansas,H11N9
11/24/2014,Maryland,HxNx
5/15/2012,NewJersey,H12N3
5/22/2013,NewJersey,H10N2
5/21/2012,NewJersey,H12N3
5/21/2013,NewJersey,H10N7
5/22/2013,NewJersey,H11N2
5/21/2013,NewJersey,H10N7
5/23/2013,NewJersey,H10N7
5/23/2013,NewJersey,H10N8
5/21/2013,NewJersey,H10N1
5/21/2012,NewJersey,H12N3
5/23/2013,NewJersey,H10N7
5/21/2013,NewJersey,H11N2
5/23/2013,NewJersey,H10N7
5/21/2013,NewJersey,H10N2
5/21/2012,NewJersey,H6N4
5/23/2013,NewJersey,H10N7
5/21/2012,NewJersey,H12N3
5/23/2013,NewJersey,H10N2
5/23/2013,NewJersey,H10N2
5/19/2012,NewJersey,H16N6
5/23/2013,NewJersey,H10N8
5/22/2013,NewJersey,H11N2
5/19/2012,NewJersey,H13N6
5/23/2013,NewJersey,H10N9
5/21/2013,NewJersey,H1N8
5/22/2013,NewJersey,H10N8
5/23/2013,NewJersey,H10N7
5/23/2013,NewJersey,H10N7
5/20/2013,NewJersey,H11N2
5/23/2013,NewJersey,H10NY
5/21/2012,NewJersey,H6N4
5/22/2013,NewJersey,H10N8
5/23/2013,NewJersey,H6N8
5/23/2013,NewJersey,H10N8
5/21/2013,NewJersey,H10N7
5/22/2013,NewJersey,H10NY
5/20/2013,NewJersey,H11N2
5/21/2013,NewJersey,H10N8
5/21/2013,NewJersey,H10N2
5/23/2013,NewJersey,H10N7
5/21/2013,NewJersey,H10N7
5/21/2012,NewJersey,H6N4
5/23/2013,NewJersey,H10N7
5/23/2013,NewJersey,H10N7
5/23/2013,NewJersey,H10N1
5/23/2013,NewJersey,H11N7
5/22/2013,NewJersey,H10N8
5/21/2013,NewJersey,H11N2
5/23/2013,NewJersey,H10N7
5/21/2013,NewJersey,H10N7
5/23/2013,NewJersey,H11N2
5/23/2013,NewJersey,H11N7
5/21/2012,NewJersey,H6N1
5/23/2013,NewJersey,H10N7
5/21/2012,NewJersey,H6N4
5/22/2013,NewJersey,H10N7
5/23/2013,NewJersey,H10N2
5/21/2012,NewJersey,H12N3
5/22/2013,NewJersey,H10NY
5/21/2012,NewJersey,H1N8
5/23/2013,NewJersey,H6N8
5/22/2013,NewJersey,H10N7
5/22/2013,NewJersey,H10N8
5/21/2013,NewJersey,H10N7
5/21/2012,NewJersey,H12N3
5/23/2013,NewJersey,H10N1
5/23/2013,NewJersey,H10N2
5/21/2012,NewJersey,H12N3
5/22/2013,NewJersey,H10N7
5/23/2013,NewJersey,H10N8
5/21/2013,NewJersey,H10N7
5/23/2013,NewJersey,H11N2
5/23/2013,NewJersey,H11N7
5/20/2013,NewJersey,H10N9
5/22/2013,NewJersey,H10N7
5/23/2013,NewJersey,H11N2
5/23/2013,NewJersey,H10N2
5/22/2013,NewJersey,H10N7
5/19/2012,NewJersey,Mixed
5/18/2012,NewJersey,H1N8
5/21/2013,NewJersey,H11N2
5/23/2013,NewJersey,H10N1
5/22/2013,NewJersey,H11N7
5/21/2013,NewJersey,H10N7
5/23/2013,NewJersey,H10N8
5/23/2013,NewJersey,H11N2
5/23/2013,NewJersey,H10N2
5/23/2013,NewJersey,H10N7
5/23/2013,NewJersey,H10N8
5/21/2015,NewJersey,-N/A-
5/21/2015,NewJersey,H7N3
5/21/2015,NewJersey,H1N1
5/20/2014,NewJersey,H12N4
5/19/2015,NewJersey,H7N3
5/19/2015,NewJersey,H7N3
5/19/2015,NewJersey,H1N1
5/19/2015,NewJersey,H1N1
5/19/2015,NewJersey,H7N3
5/19/2015,NewJersey,H7N3
5/18/2015,NewJersey,Mixed
5/18/2015,NewJersey,H7N3
5/19/2015,NewJersey,H7N3
5/19/2015,NewJersey,H7N3
5/19/2015,NewJersey,H1N1
5/20/2015,NewJersey,H7N3
5/19/2015,NewJersey,H7N3
5/19/2015,NewJersey,H7N1
5/19/2015,NewJersey,H7N3
5/19/2015,NewJersey,H7N3
5/18/2015,NewJersey,Mixed
5/19/2015,NewJersey,H1N1
5/20/2015,NewJersey,H7N3
5/21/2015,NewJersey,H7N3
5/20/2015,NewJersey,H6N8
5/21/2014,NewJersey,H12N4
5/21/2014,NewJersey,H12N4
5/19/2015,NewJersey,H1N2
5/19/2015,NewJersey,H7N3
5/18/2015,NewJersey,H1N1
5/19/2015,NewJersey,Mixed
5/19/2015,NewJersey,H1N2
5/19/2015,NewJersey,H7N3
5/20/2015,NewJersey,-N/A-
5/19/2015,NewJersey,H1N3
5/19/2015,NewJersey,H7N3
5/21/2014,NewJersey,H11N2
5/21/2014,NewJersey,H12N4
5/21/2014,NewJersey,H12N4
5/21/2014,NewJersey,H3N6
5/20/2014,NewJersey,H6N8
5/21/2014,NewJersey,H12N4
5/21/2014,NewJersey,H12N4
5/21/2014,NewJersey,H12N4
5/21/2014,NewJersey,H12N4
5/20/2014,NewJersey,H6N4
5/21/2014,NewJersey,H12N4
5/21/2014,NewJersey,H12N4
5/19/2014,NewJersey,H12N4
5/20/2015,NewJersey,H16N3
5/19/2014,NewJersey,H6N2
5/19/2014,NewJersey,H13N6
5/19/2014,NewJersey,H13N6
5/21/2014,NewJersey,H11N2
5/21/2014,NewJersey,H12N4
5/19/2015,NewJersey,Mixed
5/20/2014,NewJersey,H12N4
5/19/2014,NewJersey,H13N6
5/20/2014,NewJersey,H12N4
5/20/2014,NewJersey,H12N4
5/21/2014,NewJersey,H6N2
5/21/2014,NewJersey,H11N2
5/20/2014,NewJersey,H12N4
5/21/2014,NewJersey,H12N4
5/21/2014,NewJersey,H12N4
5/21/2014,NewJersey,H12N4
5/20/2014,NewJersey,H12N4
5/20/2014,NewJersey,H12N4
5/21/2014,NewJersey,H11N2
5/21/2014,NewJersey,H16N6
5/20/2014,NewJersey,H12N4
5/19/2014,NewJersey,H12N4
5/20/2014,NewJersey,H6N2
5/21/2014,NewJersey,H12N4
5/19/2015,NewJersey,Mixed
5/20/2015,NewJersey,H7N3
5/19/2015,NewJersey,H7N3
5/19/2015,NewJersey,H7N3
5/19/2015,NewJersey,H7N3
5/19/2015,NewJersey,Mixed
5/18/2015,NewJersey,H7N3
5/19/2015,NewJersey,H11N2
5/19/2015,NewJersey,Mixed
5/19/2015,NewJersey,H7N1
5/19/2015,NewJersey,H7N3
5/21/2014,NewJersey,H12N4
5/18/2015,NewJersey,Mixed
5/18/2015,NewJersey,H1N1
5/19/2015,NewJersey,H7N3
5/19/2015,NewJersey,H7N3
5/19/2015,NewJersey,H7N3
5/19/2015,NewJersey,Mixed
5/20/2014,NewJersey,H6N4
5/21/2014,NewJersey,H12N4
5/20/2014,NewJersey,H13N6
5/21/2014,NewJersey,H6N2
5/20/2014,NewJersey,H6N4
5/20/2014,NewJersey,H13N6
5/20/2014,NewJersey,H13N6
5/20/2014,NewJersey,H13N6
5/20/2014,NewJersey,H13N6
5/20/2014,NewJersey,-N/A-
5/19/2014,NewJersey,H13N6
5/20/2014,NewJersey,H13N6
5/20/2014,NewJersey,H13N6
5/19/2014,NewJersey,H13N6
5/20/2014,NewJersey,H13N6
5/20/2014,NewJersey,H6N4
5/20/2014,NewJersey,H6N8
5/20/2014,NewJersey,H13N6
5/20/2014,NewJersey,H13N6
5/20/2014,NewJersey,H6N2
5/20/2014,NewJersey,H6N4
5/19/2015,NewJersey,H7N3
5/19/2015,NewJersey,H7N3
5/19/2015,NewJersey,H7N3
5/20/2015,NewJersey,H16N3
8/7/2012,Alaska,-N/A-
8/7/2012,Alaska,-N/A-
9/8/2012,Alaska,-N/A-
6/23/2012,Alaska,-N/A-
6/27/2012,Alaska,-N/A-
6/23/2012,Alaska,-N/A-
8/9/2012,Alaska,-N/A-
8/7/2012,Alaska,-N/A-
9/8/2012,Alaska,-N/A-
9/10/2012,Massachusetts,-N/A-
9/10/2012,Massachusetts,-N/A-
6/27/2012,Alaska,-N/A-
9/6/2012,Alaska,-N/A-
6/23/2012,Alaska,-N/A-
7/6/2012,Alaska,-N/A-
6/23/2012,Alaska,-N/A-
6/23/2012,Alaska,-N/A-
8/7/2012,Alaska,-N/A-
8/9/2012,Alaska,-N/A-
8/7/2012,Alaska,-N/A-
6/23/2012,Alaska,-N/A-
6/29/2012,Alaska,-N/A-
8/7/2012,Alaska,-N/A-
8/21/2012,Alaska,-N/A-
9/6/2012,Alaska,-N/A-
8/21/2012,Alaska,-N/A-
9/6/2012,Alaska,-N/A-
8/21/2012,Alaska,-N/A-
6/27/2012,Alaska,-N/A-
7/7/2012,Alaska,-N/A-
6/23/2012,Alaska,-N/A-
8/7/2012,Alaska,-N/A-
8/7/2012,Alaska,-N/A-
9/6/2012,Alaska,-N/A-
6/27/2012,Alaska,-N/A-
6/29/2012,Alaska,-N/A-
8/21/2012,Alaska,-N/A-
6/23/2012,Alaska,-N/A-
7/6/2012,Alaska,-N/A-
6/29/2012,Alaska,-N/A-
6/23/2012,Alaska,-N/A-
8/7/2012,Alaska,-N/A-
7/6/2012,Alaska,-N/A-
8/7/2012,Alaska,-N/A-
8/7/2012,Alaska,-N/A-
6/2/2012,Alaska,-N/A-
9/8/2012,Alaska,-N/A-
7/7/2012,Alaska,-N/A-
8/7/2012,Alaska,-N/A-
8/7/2012,Alaska,-N/A-
8/21/2012,Alaska,-N/A-
6/23/2012,Alaska,-N/A-
8/7/2012,Alaska,-N/A-
7/6/2012,Alaska,-N/A-
6/23/2012,Alaska,-N/A-
8/7/2012,Alaska,-N/A-
6/23/2012,Alaska,-N/A-
8/7/2012,Alaska,-N/A-
6/27/2012,Alaska,-N/A-
6/1/2012,Alaska,-N/A-
6/23/2012,Alaska,-N/A-
6/23/2012,Alaska,-N/A-
6/23/2012,Alaska,-N/A-
7/6/2012,Alaska,-N/A-
6/22/2012,Alaska,-N/A-
9/8/2012,Alaska,-N/A-
8/7/2012,Alaska,-N/A-
7/6/2012,Alaska,-N/A-
8/7/2012,Alaska,-N/A-
9/8/2012,Alaska,-N/A-
6/15/2013,Alaska,-N/A-
9/8/2012,Alaska,-N/A-
9/6/2012,Alaska,-N/A-
8/7/2012,Alaska,-N/A-
8/7/2012,Alaska,-N/A-
1/10/2013,Massachusetts,-N/A-
11/16/2012,Massachusetts,-N/A-
11/19/2012,Massachusetts,-N/A-
11/19/2012,Massachusetts,-N/A-
11/26/2012,Massachusetts,-N/A-
11/9/2012,Massachusetts,-N/A-
12/11/2012,Massachusetts,-N/A-
2/15/2013,Massachusetts,-N/A-
12/11/2012,Massachusetts,-N/A-
11/26/2012,Massachusetts,-N/A-
12/3/2012,Massachusetts,-N/A-
11/19/2012,Massachusetts,-N/A-
11/16/2012,Massachusetts,-N/A-
11/9/2012,Massachusetts,-N/A-
1/24/2013,Massachusetts,-N/A-
12/11/2012,Massachusetts,-N/A-
11/19/2012,Massachusetts,-N/A-
12/4/2012,Massachusetts,-N/A-
1/10/2013,Massachusetts,-N/A-
1/24/2013,Massachusetts,-N/A-
11/26/2012,Massachusetts,-N/A-
11/26/2012,Massachusetts,-N/A-
11/9/2012,Massachusetts,-N/A-
12/13/2012,Massachusetts,-N/A-
11/26/2012,Massachusetts,-N/A-
1/4/2013,Massachusetts,-N/A-
11/26/2012,Massachusetts,-N/A-
11/19/2012,Massachusetts,-N/A-
11/16/2012,Massachusetts,-N/A-
11/19/2012,Massachusetts,-N/A-
2/26/2013,Massachusetts,-N/A-
11/19/2012,Massachusetts,-N/A-
12/3/2012,Massachusetts,-N/A-
12/20/2012,Massachusetts,-N/A-
9/10/2012,Massachusetts,-N/A-
9/10/2012,Massachusetts,-N/A-
9/10/2012,Massachusetts,-N/A-
9/10/2012,Massachusetts,-N/A-
9/10/2012,Massachusetts,-N/A-
9/10/2012,Massachusetts,-N/A-
9/10/2012,Massachusetts,-N/A-
1/17/2013,Massachusetts,-N/A-
2/26/2013,Massachusetts,-N/A-
2/21/2013,Massachusetts,-N/A-
11/26/2012,Massachusetts,-N/A-
11/2/2012,Massachusetts,-N/A-
11/26/2012,Massachusetts,-N/A-
11/2/2012,Massachusetts,-N/A-
7/7/2012,Alaska,-N/A-
8/7/2012,Alaska,-N/A-
8/7/2012,Alaska,-N/A-
8/7/2012,Alaska,-N/A-
9/6/2012,Alaska,-N/A-
8/7/2012,Alaska,-N/A-
6/23/2012,Alaska,-N/A-
6/2/2012,Alaska,-N/A-
6/23/2012,Alaska,-N/A-
8/7/2012,Alaska,-N/A-
9/6/2012,Alaska,-N/A-
6/2/2012,Alaska,-N/A-
8/7/2012,Alaska,-N/A-
7/7/2012,Alaska,-N/A-
8/7/2012,Alaska,-N/A-
11/3/2012,California,-N/A-
10/27/2012,California,-N/A-
10/27/2012,California,-N/A-
11/3/2012,California,-N/A-
10/27/2012,California,H11N9
10/31/2012,California,-N/A-
11/10/2012,California,-N/A-
12/15/2012,California,-N/A-
10/27/2012,California,-N/A-
10/24/2012,California,H6N2
12/1/2012,California,-N/A-
12/1/2012,California,-N/A-
10/21/2012,California,-N/A-
11/10/2012,California,-N/A-
10/21/2012,California,-N/A-
11/10/2012,California,-N/A-
10/24/2012,California,-N/A-
6/7/2012,California,-N/A-
8/1/2013,California,-N/A-
8/1/2013,California,-N/A-
8/3/2012,California,H2N3
7/31/2012,California,H2N3
8/10/2012,California,-N/A-
7/31/2013,California,-N/A-
7/20/2012,California,-N/A-
7/13/2012,California,H2N3
8/17/2012,California,H4N6
11/10/2012,California,-N/A-
7/16/2012,California,H2N3
8/24/2012,California,H4N6
7/22/2013,California,H4N6
7/20/2012,California,H3N8
7/24/2012,California,H10N7
7/30/2013,California,H4N6
8/20/2012,California,H2N3
8/1/2013,California,H4N6
7/22/2013,California,H5N5
7/24/2013,California,H5N5
7/22/2013,California,H4N6
8/1/2012,California,H4N6
7/18/2013,California,H4N6
7/23/2013,California,H5N6
7/25/2012,California,H2N3
7/31/2013,California,-N/A-
8/24/2012,California,-N/A-
8/1/2012,California,-N/A-
8/17/2012,California,-N/A-
8/8/2012,California,H2N7
10/31/2012,California,-N/A-
7/13/2012,California,H3N8
8/6/2012,California,-N/A-
8/10/2013,California,-N/A-
7/16/2012,California,H2N3
7/23/2012,California,H3N8
7/30/2013,California,H5N5
8/6/2012,California,H2N3
7/31/2013,California,-N/A-
8/24/2012,California,H4N6
8/17/2012,California,H4N6
8/24/2012,California,H2N3
8/1/2012,California,H3
7/25/2013,California,-N/A-
7/16/2012,California,-N/A-
7/11/2012,California,H3N8
7/16/2012,California,H3N8
7/31/2013,California,-N/A-
8/22/2012,California,-N/A-
8/1/2013,California,-N/A-
7/13/2012,California,H2N7
8/10/2012,California,-N/A-
7/31/2012,California,H3N8
10/21/2012,California,-N/A-
8/10/2013,California,-N/A-
7/24/2013,California,-N/A-
7/11/2012,California,H2N7
7/27/2012,California,H2N3
8/10/2012,California,H3N8
7/23/2013,California,-N/A-
7/22/2013,California,-N/A-
7/31/2013,California,-N/A-
7/16/2012,California,H2N3
7/23/2013,California,-N/A-
7/13/2012,California,-N/A-
10/21/2012,California,-N/A-
7/16/2012,California,H2N3
7/22/2013,California,H4N6
8/3/2012,California,H2N3
7/31/2013,California,-N/A-
8/1/2012,California,-N/A-
7/13/2012,California,H2N3
7/18/2012,California,H2N7
7/23/2013,California,"Mixed,mixed(Mixed"
8/17/2012,California,H4N6
8/6/2012,California,H2N3
8/6/2012,California,-N/A-
7/30/2013,California,-N/A-
8/3/2012,California,H2N3
7/25/2013,California,-N/A-
7/17/2012,California,-N/A-
7/20/2012,California,H2N3
7/23/2013,California,H5N5
7/25/2013,California,-N/A-
8/17/2012,California,-N/A-
7/23/2013,California,H5N5
7/24/2012,California,H10N7
8/9/2013,California,-N/A-
7/24/2013,California,-N/A-
7/24/2012,California,H10N7
7/30/2013,California,H4N6
8/8/2012,California,-N/A-
8/10/2013,California,-N/A-
10/31/2012,California,-N/A-
8/10/2012,California,-N/A-
7/20/2012,California,-N/A-
7/31/2013,California,-N/A-
7/30/2013,California,-N/A-
8/1/2013,California,H4N5
7/23/2013,California,-N/A-
7/23/2013,California,-N/A-
7/25/2013,California,-N/A-
7/23/2012,California,-N/A-
7/13/2012,California,H2N3
7/20/2012,California,-N/A-
7/30/2013,California,H4N6
7/18/2012,California,-N/A-
7/23/2012,California,H3N8
10/31/2012,California,H7N3
8/22/2012,California,-N/A-
7/30/2013,California,"H5N5,H5N6"
7/25/2013,California,-N/A-
8/8/2012,California,-N/A-
10/31/2012,California,H1N1
7/9/2012,California,H3N8
8/1/2013,California,-N/A-
7/18/2012,California,H2N3
8/6/2012,California,H2N3
7/11/2012,California,H3N8
8/20/2012,California,-N/A-
8/10/2012,California,H2N3
8/6/2012,California,H11N2
7/25/2013,California,-N/A-
8/1/2012,California,H2N3
7/24/2013,California,-N/A-
8/20/2012,California,-N/A-
7/25/2013,California,-N/A-
8/10/2012,California,-N/A-
7/23/2013,California,-N/A-
8/6/2012,California,H4N6
7/25/2012,California,-N/A-
10/21/2012,California,-N/A-
8/1/2013,California,H4N6
8/17/2012,California,-N/A-
7/24/2013,California,H5N5
7/30/2013,California,-N/A-
7/11/2012,California,H3N8
8/20/2012,California,-N/A-
7/24/2013,California,-N/A-
7/31/2013,California,-N/A-
7/31/2013,California,-N/A-
7/11/2012,California,H2N3
7/30/2013,California,-N/A-
7/31/2013,California,-N/A-
7/24/2013,California,H5N5
8/1/2013,California,H4N6
7/22/2013,California,-N/A-
7/23/2012,California,H3N8
8/17/2012,California,-N/A-
7/31/2013,California,-N/A-
8/1/2013,California,-N/A-
7/25/2012,California,H2N3
8/3/2012,California,H2N3
8/10/2012,California,H2N3
8/10/2012,California,-N/A-
8/1/2012,California,H2N7
8/1/2012,California,-N/A-
7/16/2012,California,H2N3
7/27/2012,California,H3N8
8/1/2013,California,-N/A-
7/25/2013,California,-N/A-
7/31/2013,California,-N/A-
7/22/2013,California,H5N5
7/31/2013,California,-N/A-
7/30/2013,California,-N/A-
7/30/2013,California,-N/A-
8/1/2013,California,N6
8/8/2012,California,-N/A-
11/14/2012,California,-N/A-
7/30/2013,California,-N/A-
8/24/2012,California,H4N6
7/22/2013,California,H5N5
8/3/2012,California,-N/A-
7/24/2013,California,-N/A-
8/6/2012,California,H2N3
7/23/2013,California,H5N5
7/23/2013,California,-N/A-
7/31/2013,California,-N/A-
8/10/2012,California,-N/A-
7/16/2012,California,-N/A-
7/22/2013,California,-N/A-
8/24/2012,California,-N/A-
7/30/2013,California,H5N5
7/31/2013,California,-N/A-
7/20/2012,California,Mixed
7/23/2013,California,H5N5
8/10/2013,California,-N/A-
7/23/2013,California,-N/A-
7/16/2012,California,-N/A-
8/8/2012,California,-N/A-
8/24/2012,California,-N/A-
8/8/2012,California,-N/A-
7/23/2013,California,H5N5
8/6/2012,California,-N/A-
7/31/2013,California,-N/A-
7/22/2013,California,H4N6
7/31/2013,California,-N/A-
7/27/2012,California,-N/A-
8/6/2012,California,-N/A-
7/23/2012,California,-N/A-
8/22/2012,California,-N/A-
8/8/2012,California,-N/A-
7/30/2013,California,H5N5
7/24/2013,California,-N/A-
8/17/2012,California,-N/A-
11/3/2012,California,-N/A-
7/24/2013,California,-N/A-
8/6/2012,California,-N/A-
7/23/2012,California,-N/A-
8/20/2012,California,H2N3
8/9/2013,California,-N/A-
7/31/2013,California,-N/A-
7/31/2013,California,-N/A-
7/30/2013,California,H5N5
8/1/2013,California,-N/A-
7/31/2013,California,-N/A-
7/24/2013,California,-N/A-
8/6/2012,California,H2N3
8/20/2012,California,-N/A-
8/6/2012,California,H3N8
7/23/2013,California,H5N5
8/10/2012,California,-N/A-
7/16/2012,California,H2N3
7/25/2013,California,-N/A-
7/18/2012,California,-N/A-
7/22/2013,California,-N/A-
7/31/2013,California,-N/A-
8/1/2012,California,-N/A-
7/25/2012,California,-N/A-
7/20/2012,California,-N/A-
8/8/2012,California,-N/A-
8/22/2012,California,-N/A-
7/18/2013,California,H4N6
7/30/2013,California,Mixed
7/23/2013,California,H4N6
8/22/2012,California,-N/A-
7/16/2012,California,-N/A-
7/22/2013,California,H5N5
7/16/2012,California,H2N3
7/23/2013,California,-N/A-
7/23/2013,California,H5N5
7/22/2013,California,"Mixed,mixed(Mixed"
7/30/2013,California,H5N5
7/22/2013,California,-N/A-
7/17/2012,California,-N/A-
7/18/2012,California,-N/A-
8/10/2012,California,-N/A-
7/31/2013,California,-N/A-
12/1/2012,California,-N/A-
7/8/2013,California,-N/A-
7/8/2013,California,-N/A-
7/8/2013,California,-N/A-
5/25/2013,California,-N/A-
5/25/2013,California,-N/A-
7/8/2013,California,-N/A-
7/8/2013,California,-N/A-
5/25/2013,California,-N/A-
5/25/2013,California,-N/A-
5/25/2013,California,-N/A-
7/9/2013,California,-N/A-
7/9/2013,California,-N/A-
7/8/2013,California,-N/A-
7/9/2013,California,-N/A-
5/25/2013,California,-N/A-
5/25/2013,California,-N/A-
7/8/2013,California,-N/A-
7/8/2013,California,-N/A-
7/8/2013,California,-N/A-
7/8/2013,California,-N/A-
7/8/2013,California,-N/A-
7/8/2013,California,-N/A-
5/25/2013,California,-N/A-
5/25/2013,California,-N/A-
7/8/2013,California,-N/A-
7/8/2013,California,-N/A-
7/8/2013,California,-N/A-
5/25/2013,California,-N/A-
7/8/2013,California,-N/A-
8/6/2012,California,-N/A-
8/1/2013,California,-N/A-
8/10/2013,California,-N/A-
7/25/2013,California,-N/A-
8/1/2013,California,-N/A-
7/25/2013,California,-N/A-
10/21/2012,California,H6N1
10/21/2012,California,-N/A-
10/24/2012,California,-N/A-
1/19/2013,California,-N/A-
10/24/2012,California,-N/A-
10/24/2012,California,-N/A-
10/24/2012,California,-N/A-
1/19/2013,California,-N/A-
12/15/2012,California,-N/A-
1/26/2013,California,H11N9
10/27/2012,California,-N/A-
1/12/2013,California,-N/A-
10/27/2012,California,-N/A-
10/21/2012,California,H6N2
10/31/2012,California,-N/A-
7/3/2013,California,-N/A-
7/3/2013,California,-N/A-
1/19/2013,California,-N/A-
1/19/2013,California,-N/A-
12/30/2012,California,H11N2
12/30/2012,California,-N/A-
1/19/2013,California,-N/A-
10/31/2012,California,-N/A-
10/31/2012,California,-N/A-
11/14/2012,California,-N/A-
12/1/2012,California,-N/A-
12/1/2012,California,-N/A-
7/8/2013,California,-N/A-
7/9/2013,California,-N/A-
7/8/2013,California,-N/A-
7/8/2013,California,-N/A-
7/8/2013,California,-N/A-
5/25/2013,California,-N/A-
7/8/2013,California,-N/A-
7/8/2013,California,-N/A-
5/25/2013,California,-N/A-
7/8/2013,California,-N/A-
7/8/2013,California,-N/A-
7/8/2013,California,-N/A-
7/8/2013,California,-N/A-
7/8/2013,California,-N/A-
7/8/2013,California,-N/A-
7/8/2013,California,-N/A-
5/25/2013,California,-N/A-
7/8/2013,California,-N/A-
5/25/2013,California,-N/A-
7/9/2013,California,-N/A-
5/25/2013,California,-N/A-
7/9/2013,California,-N/A-
11/14/2012,California,-N/A-
11/14/2012,California,-N/A-
11/14/2012,California,-N/A-
1/26/2013,California,-N/A-
3/31/2012,California,-N/A-
3/24/2012,California,-N/A-
3/30/2012,California,-N/A-
3/30/2012,California,-N/A-
3/31/2012,California,-N/A-
3/31/2012,California,-N/A-
3/11/2012,California,H16N3
3/10/2012,California,-N/A-
3/30/2012,California,-N/A-
3/30/2012,California,-N/A-
3/31/2012,California,-N/A-
3/31/2012,California,-N/A-
3/31/2012,California,-N/A-
3/31/2012,California,-N/A-
3/31/2012,California,-N/A-
3/30/2012,California,-N/A-
3/31/2012,California,-N/A-
7/31/2012,California,-N/A-
7/30/2013,California,H5N5
7/23/2013,California,H5N5
8/24/2012,California,H9N2
8/1/2013,California,-N/A-
7/23/2013,California,-N/A-
8/10/2012,California,-N/A-
7/31/2013,California,-N/A-
7/25/2012,California,-N/A-
7/24/2013,California,-N/A-
7/13/2012,California,-N/A-
7/30/2013,California,"H4,H4N6"
7/23/2013,California,H5N5
7/22/2013,California,H5N5
8/10/2012,California,-N/A-
7/16/2012,California,-N/A-
8/22/2012,California,-N/A-
7/30/2013,California,-N/A-
7/30/2013,California,H5N5
7/23/2013,California,H4N6
8/1/2013,California,H5N5
7/25/2013,California,-N/A-
7/30/2013,California,-N/A-
7/25/2013,California,-N/A-
10/24/2012,California,-N/A-
11/22/2014,California,-N/A-
12/3/2014,California,-N/A-
12/3/2014,California,-N/A-
12/5/2015,California,-N/A-
10/31/2015,California,-N/A-
10/31/2015,California,-N/A-
10/27/2015,California,-N/A-
12/5/2015,California,-N/A-
12/5/2015,California,-N/A-
12/5/2015,California,-N/A-
12/5/2015,California,-N/A-
1/3/2015,California,-N/A-
10/31/2015,California,-N/A-
12/5/2015,California,-N/A-
12/5/2015,California,-N/A-
1/11/2015,California,-N/A-
12/5/2015,California,-N/A-
10/27/2015,California,-N/A-
12/3/2014,California,-N/A-
12/5/2015,California,-N/A-
12/5/2015,California,-N/A-
10/27/2015,California,-N/A-
12/5/2015,California,-N/A-
1/25/2015,California,-N/A-
1/16/2016,California,-N/A-
10/6/2015,California,-N/A-
12/5/2015,California,-N/A-
12/3/2014,California,-N/A-
12/3/2014,California,-N/A-
10/18/2014,California,-N/A-
12/5/2015,California,-N/A-
10/31/2015,California,-N/A-
12/3/2014,California,-N/A-
12/13/2015,California,-N/A-
10/6/2015,California,-N/A-
10/31/2015,California,-N/A-
10/27/2015,California,-N/A-
1/3/2015,California,-N/A-
8/12/2014,California,-N/A-
7/23/2014,California,-N/A-
7/23/2014,California,-N/A-
1/3/2015,California,-N/A-
7/23/2014,California,-N/A-
10/25/2014,California,-N/A-
7/23/2014,California,-N/A-
1/17/2015,California,-N/A-
8/12/2014,California,-N/A-
8/12/2014,California,-N/A-
10/25/2014,California,-N/A-
7/23/2014,California,-N/A-
7/23/2014,California,-N/A-
12/20/2014,California,-N/A-
7/23/2014,California,-N/A-
7/23/2014,California,-N/A-
10/18/2014,California,-N/A-
7/23/2014,California,-N/A-
10/18/2014,California,-N/A-
7/23/2014,California,-N/A-
1/17/2015,California,-N/A-
1/16/2016,California,-N/A-
1/16/2016,California,-N/A-
1/16/2016,California,-N/A-
1/16/2016,California,-N/A-
1/16/2016,California,-N/A-
1/16/2016,California,-N/A-
1/24/2016,California,-N/A-
10/18/2014,California,-N/A-
10/27/2015,California,-N/A-
10/27/2015,California,-N/A-
1/16/2016,California,-N/A-
1/3/2015,California,-N/A-
1/13/2016,California,-N/A-
1/17/2015,California,-N/A-
1/13/2016,California,-N/A-
11/22/2014,California,-N/A-
1/17/2015,California,-N/A-
1/17/2015,California,-N/A-
11/22/2014,California,-N/A-
1/30/2016,California,-N/A-
10/18/2014,California,-N/A-
1/30/2016,California,-N/A-
1/17/2015,California,-N/A-
12/20/2014,California,-N/A-
11/22/2014,California,-N/A-
1/17/2015,California,-N/A-
10/18/2014,California,-N/A-
12/20/2014,California,-N/A-
10/27/2015,California,-N/A-
10/18/2014,California,-N/A-
1/25/2015,California,-N/A-
12/13/2015,California,-N/A-
12/13/2015,California,-N/A-
12/13/2015,California,-N/A-
11/22/2015,California,-N/A-
12/20/2014,California,-N/A-
1/17/2015,California,-N/A-
10/18/2014,California,-N/A-
1/16/2016,California,-N/A-
8/3/2016,California,-N/A-
7/21/2016,California,-N/A-
8/2/2016,California,-N/A-
8/3/2016,California,-N/A-
11/8/2015,California,-N/A-
8/2/2016,California,-N/A-
8/1/2016,California,-N/A-
8/2/2016,California,-N/A-
8/10/2016,California,-N/A-
8/10/2016,California,-N/A-
1/16/2016,California,-N/A-
11/22/2014,California,-N/A-
10/27/2015,California,-N/A-
9/30/2015,California,-N/A-
10/27/2015,California,-N/A-
12/13/2015,California,-N/A-
10/27/2015,California,-N/A-
12/5/2015,California,-N/A-
10/31/2015,California,-N/A-
10/27/2015,California,-N/A-
9/30/2015,California,-N/A-
1/16/2016,California,-N/A-
10/31/2015,California,-N/A-
1/24/2016,California,-N/A-
11/1/2015,California,-N/A-
8/13/2016,California,-N/A-
10/24/2015,California,-N/A-
10/27/2015,California,-N/A-
11/7/2015,California,-N/A-
10/27/2015,California,-N/A-
7/18/2016,California,-N/A-
7/28/2016,California,-N/A-
7/24/2016,California,-N/A-
7/18/2016,California,-N/A-
6/30/2016,California,-N/A-
7/18/2016,California,-N/A-
8/2/2016,California,-N/A-
8/2/2016,California,-N/A-
7/30/2016,California,-N/A-
6/30/2016,California,-N/A-
6/30/2016,California,-N/A-
7/6/2016,California,-N/A-
7/25/2016,California,-N/A-
7/6/2016,California,-N/A-
8/2/2016,California,-N/A-
8/2/2016,California,-N/A-
7/30/2016,California,-N/A-
8/2/2016,California,-N/A-
7/6/2016,California,-N/A-
8/2/2016,California,-N/A-
7/21/2016,California,-N/A-
7/19/2016,California,-N/A-
8/1/2016,California,-N/A-
11/8/2015,California,-N/A-
8/10/2016,California,-N/A-
7/18/2016,California,-N/A-
8/2/2016,California,-N/A-
7/27/2016,California,-N/A-
7/18/2016,California,-N/A-
7/27/2016,California,-N/A-
8/2/2016,California,-N/A-
8/1/2016,California,-N/A-
10/24/2015,California,-N/A-
8/2/2016,California,-N/A-
8/3/2016,California,-N/A-
7/7/2016,California,-N/A-
7/27/2016,California,-N/A-
7/26/2016,California,-N/A-
8/3/2016,California,-N/A-
8/1/2016,California,-N/A-
8/3/2016,California,-N/A-
7/18/2016,California,-N/A-
6/30/2016,California,-N/A-
8/2/2016,California,-N/A-
8/3/2016,California,-N/A-
8/2/2016,California,-N/A-
7/27/2016,California,-N/A-
7/26/2016,California,-N/A-
1/16/2016,California,-N/A-
8/3/2016,California,-N/A-
6/30/2016,California,-N/A-
6/30/2016,California,-N/A-
7/6/2016,California,-N/A-
7/30/2016,California,-N/A-
7/18/2016,California,-N/A-
7/26/2016,California,-N/A-
7/1/2016,California,-N/A-
7/30/2016,California,-N/A-
7/6/2016,California,-N/A-
7/24/2016,California,-N/A-
8/2/2016,California,-N/A-
6/22/2016,California,-N/A-
8/2/2016,California,-N/A-
8/4/2016,California,-N/A-
7/21/2016,California,-N/A-
7/30/2016,California,-N/A-
7/23/2016,California,-N/A-
7/29/2016,California,-N/A-
6/21/2016,California,-N/A-
8/3/2016,California,-N/A-
7/30/2016,California,-N/A-
6/30/2016,California,-N/A-
6/30/2016,California,-N/A-
7/27/2016,California,-N/A-
8/3/2016,California,-N/A-
8/2/2016,California,-N/A-
7/21/2016,California,-N/A-
8/2/2016,California,-N/A-
7/6/2016,California,-N/A-
8/2/2016,California,-N/A-
7/31/2016,California,-N/A-
8/3/2016,California,-N/A-
8/3/2016,California,-N/A-
8/2/2016,California,-N/A-
8/4/2016,California,-N/A-
7/18/2016,California,-N/A-
6/30/2016,California,-N/A-
8/2/2016,California,-N/A-
8/3/2016,California,-N/A-
8/10/2016,California,-N/A-
7/25/2016,California,-N/A-
10/27/2015,California,-N/A-
1/16/2016,California,-N/A-
12/13/2015,California,-N/A-
7/1/2016,California,-N/A-
7/8/2016,California,-N/A-
7/18/2016,California,-N/A-
8/3/2016,California,-N/A-
8/2/2016,California,-N/A-
7/23/2016,California,-N/A-
7/21/2016,California,-N/A-
7/18/2016,California,-N/A-
8/3/2016,California,-N/A-
8/2/2016,California,-N/A-
7/28/2016,California,-N/A-
10/27/2015,California,-N/A-
6/30/2016,California,-N/A-
7/18/2016,California,-N/A-
8/2/2016,California,-N/A-
7/17/2016,California,-N/A-
8/2/2016,California,-N/A-
8/10/2016,California,-N/A-
8/1/2016,California,-N/A-
7/18/2016,California,-N/A-
7/26/2016,California,-N/A-
7/1/2016,California,-N/A-
8/10/2016,California,-N/A-
7/25/2016,California,-N/A-
7/6/2016,California,-N/A-
8/2/2016,California,-N/A-
8/3/2016,California,-N/A-
7/18/2016,California,-N/A-
8/2/2016,California,-N/A-
8/3/2016,California,-N/A-
8/3/2016,California,-N/A-
6/30/2016,California,-N/A-
7/7/2016,California,-N/A-
6/21/2016,California,-N/A-
8/3/2016,California,-N/A-
7/18/2016,California,-N/A-
7/30/2016,California,-N/A-
7/29/2016,California,-N/A-
7/29/2016,California,-N/A-
8/3/2016,California,-N/A-
8/3/2016,California,-N/A-
6/30/2016,California,-N/A-
8/3/2016,California,-N/A-
8/10/2016,California,-N/A-
8/2/2016,California,-N/A-
7/21/2016,California,-N/A-
7/27/2016,California,-N/A-
8/10/2016,California,-N/A-
7/1/2016,California,-N/A-
7/6/2016,California,-N/A-
7/6/2016,California,-N/A-
8/2/2016,California,-N/A-
8/2/2016,California,-N/A-
7/19/2016,California,-N/A-
6/23/2016,California,-N/A-
7/18/2016,California,-N/A-
5/28/2013,NewJersey,H10Nx
5/18/2013,NewJersey,H10Nx
5/18/2013,NewJersey,H16N3
5/21/2013,NewJersey,H10Nx
5/18/2013,NewJersey,H10Nx
5/26/2012,NewJersey,HxN6
9/12/2012,Minnesota,H1N1
9/23/2012,Texas,-N/A-
9/20/2013,Texas,H3Nx
9/2/2012,Minnesota,HxNx
5/24/2012,NewJersey,H12N3
5/22/2013,NewJersey,H10N7
5/28/2013,NewJersey,H10Nx
5/26/2013,NewJersey,HxNx
5/26/2013,NewJersey,H10N7
5/18/2012,NewJersey,H12N1
5/20/2012,NewJersey,H12N1
5/27/2012,NewJersey,H12N1
5/29/2013,NewJersey,HxNx
5/28/2012,NewJersey,H1N1
5/22/2012,NewJersey,H12N3
5/26/2013,NewJersey,HxNx
5/23/2012,NewJersey,H5N3
5/21/2013,NewJersey,HxNx
5/20/2013,NewJersey,H11Nx
5/27/2012,NewJersey,H12N3
5/16/2013,NewJersey,H10N9
5/22/2012,NewJersey,H1N1
5/19/2013,NewJersey,H10Nx
3/9/2012,Florida,H5N9
1/19/2013,Florida,-N/A-
5/18/2012,NewJersey,H6N1
5/24/2012,NewJersey,H7N7
5/24/2012,NewJersey,H1N1
5/16/2013,NewJersey,H10Nx
3/10/2012,Florida,H5N9
5/29/2013,NewJersey,H10Nx
5/27/2013,NewJersey,H10N7
5/29/2012,NewJersey,H12N3
5/18/2013,NewJersey,H10Nx
5/26/2013,NewJersey,H10N7
5/22/2013,NewJersey,HxNx
5/22/2012,NewJersey,H12N3
5/15/2013,NewJersey,HxNx
5/19/2013,NewJersey,HxNx
5/28/2013,NewJersey,HxNx
5/15/2013,NewJersey,H10Nx
5/22/2012,NewJersey,H6N1
5/22/2012,NewJersey,H12N1
5/27/2012,NewJersey,H12N3
5/15/2013,NewJersey,H10Nx
5/18/2013,NewJersey,HxNx
5/22/2012,NewJersey,H1N1
5/26/2012,NewJersey,H1N1
5/20/2012,NewJersey,H12N1
5/29/2012,NewJersey,H1N1
5/21/2013,NewJersey,H10Nx
5/19/2013,NewJersey,HxNx
5/22/2013,NewJersey,H10Nx
5/28/2013,NewJersey,H10N1
5/15/2013,NewJersey,H16Nx
5/26/2013,NewJersey,H10N2
5/22/2012,NewJersey,H6N1
5/7/2012,Florida,H6N1
5/21/2013,NewJersey,H10N9
5/29/2013,NewJersey,HxNx
5/18/2012,NewJersey,H5N9
5/20/2012,NewJersey,H12N3
5/22/2013,NewJersey,HxNx
5/18/2013,NewJersey,H10Nx
5/16/2013,NewJersey,H10Nx
5/28/2013,NewJersey,H10Nx
5/27/2012,NewJersey,H1N1
5/21/2013,NewJersey,HxNx
5/22/2013,NewJersey,H10N7
5/27/2012,NewJersey,H12N3
5/20/2012,NewJersey,H1N8
5/22/2013,NewJersey,H10N8
5/26/2013,NewJersey,HxNx
5/28/2013,NewJersey,H10N1
5/15/2013,NewJersey,HxNx
5/26/2013,NewJersey,H11Nx
5/21/2013,NewJersey,HxNx
5/26/2013,NewJersey,HxNx
5/22/2012,NewJersey,H1N1
5/21/2013,NewJersey,HxNx
5/20/2012,NewJersey,H12N1
5/20/2012,NewJersey,H1N1
5/19/2013,NewJersey,HxNx
5/22/2012,NewJersey,H1N1
5/21/2013,NewJersey,HxNx
5/23/2012,NewJersey,H12N1
5/8/2012,Florida,H6N1
5/23/2012,NewJersey,H1N1
5/15/2013,NewJersey,H10Nx
5/26/2013,NewJersey,HxNx
5/24/2012,NewJersey,H12N3
5/15/2013,NewJersey,HxNx
5/26/2013,NewJersey,HxNx
5/26/2013,NewJersey,H10Nx
5/29/2013,NewJersey,H10Nx
5/26/2013,NewJersey,H10N7
5/21/2013,NewJersey,H11N2
5/20/2013,NewJersey,H10N7
5/19/2013,NewJersey,H6Nx
5/19/2013,NewJersey,HxNx
5/26/2013,NewJersey,H10Nx
5/16/2012,NewJersey,H1N1
5/26/2013,NewJersey,H10N7
5/25/2012,NewJersey,H12N3
5/21/2013,NewJersey,HxNx
5/15/2013,NewJersey,HxNx
5/28/2013,NewJersey,H10N1
5/26/2012,NewJersey,H1N1
5/26/2013,NewJersey,H10Nx
5/23/2012,NewJersey,-N/A-
5/27/2013,NewJersey,H10Nx
5/26/2013,NewJersey,HxNx
5/28/2013,NewJersey,H11Nx
5/28/2013,NewJersey,HxNx
5/23/2012,NewJersey,H1N1
5/22/2012,NewJersey,H12N1
5/27/2012,NewJersey,H12N3
5/27/2012,NewJersey,H12N3
5/26/2013,NewJersey,H11N8
5/27/2013,NewJersey,H10N7
5/22/2013,NewJersey,HxNx
5/23/2012,NewJersey,H9N1
5/25/2012,NewJersey,H1N1
5/20/2012,NewJersey,H7N7
5/26/2013,NewJersey,H10Nx
5/24/2012,NewJersey,H1N8
5/7/2012,Florida,H6N1
5/24/2012,NewJersey,H6N1
5/7/2012,Florida,H6N1
5/28/2012,NewJersey,H1N3
5/22/2013,NewJersey,H10Nx
5/25/2012,NewJersey,H12N1
5/28/2012,NewJersey,H12N1
5/16/2013,NewJersey,H10Nx
5/22/2013,NewJersey,H11N2
5/21/2013,NewJersey,HxNx
5/28/2013,NewJersey,H10Nx
5/28/2013,NewJersey,H10Nx
5/26/2013,NewJersey,H10Nx
5/28/2013,NewJersey,H10Nx
5/18/2013,NewJersey,H10Nx
5/29/2013,NewJersey,H10N2
5/16/2013,NewJersey,H10N9
5/26/2012,NewJersey,H12N1
5/26/2013,NewJersey,H10N8
5/27/2012,NewJersey,H1N1
5/25/2012,NewJersey,H1N1
5/21/2013,NewJersey,HxNx
5/24/2012,NewJersey,H1N8
5/16/2012,NewJersey,H13N6
5/28/2012,NewJersey,H1N8
5/28/2013,NewJersey,H10Nx
5/27/2013,NewJersey,H10N2
5/26/2013,NewJersey,H10N1
5/26/2013,NewJersey,HxNx
5/27/2012,NewJersey,H12N3
5/26/2012,NewJersey,H12N8
5/24/2012,NewJersey,H1N1
3/9/2012,Florida,H5N9
5/26/2013,NewJersey,H10Nx
5/25/2012,NewJersey,H12N3
5/27/2012,NewJersey,H7N3
5/25/2013,NewJersey,HxNx
5/28/2013,NewJersey,H11N7
5/27/2013,NewJersey,H10N8
5/27/2012,NewJersey,H1N1
5/22/2013,NewJersey,HxNx
5/26/2012,NewJersey,H1N1
5/29/2013,NewJersey,H10N7
5/22/2013,NewJersey,H10N7
5/22/2012,NewJersey,H10N8
5/21/2013,NewJersey,H10Nx
5/22/2013,NewJersey,H10Nx
5/22/2012,NewJersey,H12N3
5/26/2013,NewJersey,H10Nx
5/28/2013,NewJersey,H10N1
5/22/2012,NewJersey,H1N1
5/22/2012,NewJersey,H6N1
5/29/2013,NewJersey,H10Nx
5/21/2013,NewJersey,HxNx
5/21/2013,NewJersey,HxNx
5/27/2012,NewJersey,H1N1
5/26/2013,NewJersey,H10Nx
5/7/2012,Florida,H6N1
5/19/2013,NewJersey,H10N9
5/20/2013,NewJersey,HxNx
5/22/2012,NewJersey,H1N8
5/21/2013,NewJersey,HxNx
5/25/2012,NewJersey,H1N1
5/26/2013,NewJersey,H11Nx
5/28/2013,NewJersey,H10Nx
5/28/2013,NewJersey,HxNx
5/26/2013,NewJersey,H10N8
5/20/2012,NewJersey,H1N8
5/25/2012,NewJersey,H1N1
5/21/2013,NewJersey,H10Nx
5/23/2012,NewJersey,H1N1
5/22/2013,NewJersey,H10N2
5/25/2012,NewJersey,H1N1
5/27/2012,NewJersey,H1N1
5/22/2012,NewJersey,H6N1
5/26/2012,NewJersey,H12N3
5/16/2013,NewJersey,HxNx
5/26/2013,NewJersey,H10Nx
5/26/2013,NewJersey,H10Nx
5/15/2013,NewJersey,H11Nx
5/26/2013,NewJersey,H10Nx
5/22/2013,NewJersey,H10Nx
5/28/2013,NewJersey,HxNx
5/22/2012,NewJersey,H7N7
5/26/2013,NewJersey,HxNx
5/26/2013,NewJersey,HxNx
5/26/2013,NewJersey,HxNx
5/18/2012,NewJersey,H1N8
5/26/2012,NewJersey,H12N3
5/20/2012,NewJersey,H9N1
5/15/2013,NewJersey,H11N2
5/21/2013,NewJersey,HxNx
5/29/2013,NewJersey,HxNx
5/29/2013,NewJersey,H10N1
5/29/2013,NewJersey,H10Nx
5/18/2012,NewJersey,H1N1
5/19/2013,NewJersey,HxNx
5/22/2012,NewJersey,H7N7
5/28/2013,NewJersey,H10N7
5/26/2013,NewJersey,H10Nx
5/29/2013,NewJersey,HxNx
5/26/2013,NewJersey,HxNx
5/15/2013,NewJersey,H10N2
5/21/2013,NewJersey,H10N8
5/28/2013,NewJersey,HxNx
5/16/2013,NewJersey,H10Nx
5/8/2012,Florida,H6N1
5/28/2012,NewJersey,H12N1
5/24/2012,NewJersey,H6N1
5/26/2013,NewJersey,H11Nx
5/19/2013,NewJersey,H10Nx
5/24/2012,NewJersey,H1N8
5/29/2013,NewJersey,HxNx
5/16/2013,NewJersey,HxNx
5/28/2013,NewJersey,H10N1
5/29/2013,NewJersey,H10Nx
5/24/2012,NewJersey,H1N1
5/20/2012,NewJersey,H12N3
5/19/2013,NewJersey,HxNx
5/15/2013,NewJersey,H10N2
5/21/2013,NewJersey,HxNx
5/7/2012,Florida,H6N1
5/28/2012,NewJersey,H12N3
5/27/2013,NewJersey,H10Nx
5/23/2012,NewJersey,H1N1
5/16/2013,NewJersey,HxNx
5/26/2013,NewJersey,H11Nx
5/24/2012,NewJersey,H12N1
5/21/2013,NewJersey,HxNx
5/19/2013,NewJersey,HxNx
5/19/2013,NewJersey,HxNx
5/22/2012,NewJersey,H1N1
5/27/2012,NewJersey,H12N3
5/27/2012,NewJersey,H12N3
5/17/2012,NewJersey,H1N1
5/26/2012,NewJersey,H12N1
5/27/2012,NewJersey,H1N1
5/19/2013,NewJersey,H10Nx
5/22/2013,NewJersey,H10Nx
5/22/2013,NewJersey,H10Nx
5/23/2012,NewJersey,H1N1
5/8/2012,Florida,H6N1
5/25/2012,NewJersey,H12N1
5/22/2012,NewJersey,H1N8
5/21/2013,NewJersey,H10Nx
5/27/2012,NewJersey,H1N1
5/20/2012,NewJersey,H1N1
5/23/2012,NewJersey,H1N1
5/22/2012,NewJersey,H1N8
5/7/2012,Florida,H6N1
5/27/2012,NewJersey,H1N1
7/29/2012,Minnesota,-N/A-
7/16/2013,Minnesota,H13Nx
7/16/2013,Minnesota,H13Nx
7/16/2013,Minnesota,H13Nx
7/16/2013,Minnesota,H13Nx
7/16/2013,Minnesota,H13Nx
7/16/2013,Minnesota,H11Nx
7/16/2013,Minnesota,H13Nx
7/16/2013,Minnesota,H13Nx
7/16/2013,Minnesota,H13Nx
7/16/2013,Minnesota,H13Nx
7/16/2013,Minnesota,H13Nx
7/16/2013,Minnesota,H13Nx
7/16/2013,Minnesota,H13Nx
6/30/2012,Minnesota,H13N6
7/16/2013,Minnesota,H13Nx
7/16/2013,Minnesota,H13Nx
7/16/2013,Minnesota,H13Nx
7/16/2013,Minnesota,H13Nx
7/16/2013,Minnesota,H13Nx
7/16/2013,Minnesota,H13Nx
7/16/2013,Minnesota,H13Nx
7/16/2013,Minnesota,H13Nx
6/30/2012,Minnesota,H13N6
7/16/2013,Minnesota,H13Nx
7/16/2013,Minnesota,H13Nx
7/16/2013,Minnesota,H13Nx
7/16/2013,Minnesota,H13Nx
7/16/2013,Minnesota,H13Nx
7/16/2013,Minnesota,H13Nx
7/16/2013,Minnesota,H13Nx
6/30/2012,Minnesota,H13N6
6/30/2012,Minnesota,H13N6
6/30/2012,Minnesota,H13N6
7/16/2013,Minnesota,H13Nx
7/16/2013,Minnesota,H13Nx
7/16/2013,Minnesota,H13Nx
7/16/2013,Minnesota,H13Nx
7/16/2013,Minnesota,H13Nx
7/16/2013,Minnesota,H13Nx
7/16/2013,Minnesota,H13Nx
7/16/2013,Minnesota,H13Nx
6/30/2012,Minnesota,H13N6
7/16/2013,Minnesota,H13Nx
7/16/2013,Minnesota,H13Nx
7/16/2013,Minnesota,H13Nx
9/6/2012,Minnesota,H3N8
9/18/2012,Minnesota,H10N2
9/7/2013,Minnesota,H3Nx
9/18/2013,Minnesota,H3Nx
9/14/2013,Minnesota,H4Nx
9/18/2013,Minnesota,H4Nx
9/18/2013,Minnesota,H4Nx
9/4/2012,Minnesota,H2Nx
9/7/2013,Minnesota,H4Nx
9/3/2013,Minnesota,HxNx
9/13/2012,Minnesota,H2N3
9/6/2012,Minnesota,H4N6
9/9/2012,Minnesota,H2N3
9/8/2012,Minnesota,H3Nx
9/3/2012,Minnesota,H4N6
9/6/2012,Minnesota,H3N8
9/18/2013,Minnesota,H4Nx
9/3/2013,Minnesota,HxNx
9/8/2012,Minnesota,H2Nx
9/6/2012,Minnesota,H4N6
9/18/2013,Minnesota,H3Nx
9/18/2013,Minnesota,H4Nx
9/4/2012,Minnesota,H3Nx
9/2/2012,Minnesota,H11N9
9/3/2013,Minnesota,H4Nx
9/4/2012,Minnesota,HxN6
9/18/2013,Minnesota,H4Nx
9/18/2013,Minnesota,H4Nx
9/20/2012,Minnesota,H5N2
9/13/2012,Minnesota,H11N9
9/12/2012,Minnesota,H2N3
9/12/2012,Minnesota,H3N8
9/6/2012,Minnesota,H3Nx
9/6/2012,Minnesota,H2Nx
9/14/2013,Minnesota,HxNx
9/18/2013,Minnesota,H4Nx
9/6/2012,Minnesota,H3N8
9/18/2013,Minnesota,H3Nx
9/7/2013,Minnesota,H3Nx
9/7/2013,Minnesota,H11Nx
9/3/2012,Minnesota,H2N6
9/14/2013,Minnesota,HxNx
9/10/2012,Minnesota,-N/A-
9/4/2013,Minnesota,H4Nx
9/2/2012,Minnesota,H4N6
9/6/2012,Minnesota,H4N6
9/14/2013,Minnesota,HxNx
9/2/2012,Minnesota,H2N3
9/18/2013,Minnesota,H3Nx
9/14/2012,Minnesota,H2N3
9/14/2012,Minnesota,H2N3
9/18/2013,Minnesota,H4Nx
9/13/2013,Minnesota,HxNx
9/12/2012,Minnesota,H2N3
9/14/2012,Minnesota,H2N3
9/20/2012,Minnesota,H2N3
9/6/2012,Minnesota,H3N8
9/3/2012,Minnesota,Mixed
9/13/2012,Minnesota,H2N3
9/5/2012,Minnesota,H4N3
9/12/2012,Minnesota,H2N5
9/13/2012,Minnesota,H11N9
9/21/2012,Minnesota,H11N9
9/3/2012,Minnesota,H4N6
9/18/2013,Minnesota,H11Nx
9/7/2013,Minnesota,HxNx
9/7/2013,Minnesota,H4Nx
9/18/2013,Minnesota,H3Nx
9/2/2012,Minnesota,H4N6
9/6/2012,Minnesota,HxNx
9/12/2012,Minnesota,H2N3
9/9/2012,Minnesota,H2N3
9/12/2012,Minnesota,H2Nx
9/7/2013,Minnesota,H11Nx
9/14/2013,Minnesota,H4Nx
9/3/2012,Minnesota,H4N6
9/10/2012,Minnesota,H11N9
9/12/2012,Minnesota,H3Nx
7/29/2012,Minnesota,HxN8
9/6/2012,Minnesota,H3N8
9/20/2012,Minnesota,H2N3
9/6/2012,Minnesota,Mixed
9/6/2012,Minnesota,H3N8
9/13/2013,Minnesota,HxNx
9/18/2013,Minnesota,H4Nx
9/9/2012,Minnesota,H3N2
9/14/2013,Minnesota,HxNx
9/14/2013,Minnesota,HxNx
9/7/2013,Minnesota,HxNx
8/29/2013,Minnesota,H4Nx
9/9/2012,Minnesota,H11N9
7/29/2012,Minnesota,H10N7
9/9/2012,Minnesota,H11N9
8/29/2013,Minnesota,H3Nx
9/3/2013,Minnesota,H4Nx
9/13/2012,Minnesota,HxN3
9/14/2013,Minnesota,H3Nx
9/4/2013,Minnesota,H1Nx
9/14/2012,Minnesota,H3N1
9/6/2012,Minnesota,H3N8
9/9/2012,Minnesota,H11N9
9/14/2012,Minnesota,H3N8
9/12/2012,Minnesota,H2N3
9/12/2012,Minnesota,H3N8
9/20/2012,Minnesota,H3N3
9/6/2012,Minnesota,H3N8
9/13/2012,Minnesota,H11N9
9/12/2012,Minnesota,H1N1
9/13/2012,Minnesota,-N/A-
9/7/2013,Minnesota,H4Nx
9/18/2013,Minnesota,H4Nx
9/6/2012,Minnesota,H3N8
9/18/2013,Minnesota,H4Nx
9/14/2012,Minnesota,H3N8
9/6/2012,Minnesota,H3N6
9/7/2013,Minnesota,H3Nx
9/4/2012,Minnesota,H2N4
9/20/2012,Minnesota,H1N6
9/14/2012,Minnesota,-N/A-
9/14/2013,Minnesota,H4Nx
9/7/2013,Minnesota,H4Nx
9/7/2013,Minnesota,H4Nx
9/2/2012,Minnesota,H4N6
9/6/2012,Minnesota,H3N8
9/8/2012,Minnesota,H4Nx
9/3/2013,Minnesota,HxNx
9/12/2012,Minnesota,H10N7
9/13/2012,Minnesota,H11N9
9/4/2012,Minnesota,H3N8
9/20/2012,Minnesota,H3N6
9/13/2012,Minnesota,H11N9
9/2/2012,Minnesota,H2N3
9/4/2012,Minnesota,H3N8
9/14/2013,Minnesota,HxNx
9/14/2013,Minnesota,HxNx
9/3/2013,Minnesota,H4Nx
9/14/2012,Minnesota,Mixed
9/3/2013,Minnesota,H4Nx
9/18/2012,Minnesota,H3N8
9/7/2013,Minnesota,HxNx
9/8/2012,Minnesota,H3N8
9/6/2012,Minnesota,H3N6
9/7/2013,Minnesota,HxNx
9/3/2013,Minnesota,H3Nx
9/8/2012,Minnesota,H2N2
9/10/2012,Minnesota,H4N6
9/3/2012,Minnesota,H2Nx
9/3/2013,Minnesota,HxNx
9/17/2012,Minnesota,H4N6
9/13/2012,Minnesota,H11N9
9/2/2012,Minnesota,HxN3
9/18/2013,Minnesota,H3Nx
9/4/2012,Minnesota,H2N3
9/8/2012,Minnesota,H3Nx
9/14/2013,Minnesota,HxNx
9/14/2013,Minnesota,HxNx
9/12/2012,Minnesota,H2N3
9/2/2012,Minnesota,H4N6
9/20/2012,Minnesota,H3N6
9/13/2012,Minnesota,H11N9
9/3/2012,Minnesota,H4N6
9/2/2012,Minnesota,H4N6
9/6/2012,Minnesota,HxN6
9/9/2012,Minnesota,H2N3
9/6/2012,Minnesota,Mixed
9/14/2013,Minnesota,H4Nx
9/18/2013,Minnesota,H4Nx
9/20/2012,Minnesota,H3N3
9/18/2012,Minnesota,H11N9
9/18/2013,Minnesota,H4Nx
9/18/2013,Minnesota,HxNx
9/8/2012,Minnesota,H3N8
9/9/2012,Minnesota,H11N9
9/12/2012,Minnesota,H2Nx
9/18/2013,Minnesota,HxNx
9/14/2013,Minnesota,HxNx
9/14/2013,Minnesota,HxNx
9/18/2013,Minnesota,H3Nx
9/10/2012,Minnesota,H4N6
9/18/2012,Minnesota,H3N8
9/8/2012,Minnesota,H3N8
9/6/2012,Minnesota,H3N8
9/13/2012,Minnesota,H4N6
9/7/2013,Minnesota,H4Nx
9/20/2012,Minnesota,H11N2
9/18/2013,Minnesota,H3Nx
9/18/2013,Minnesota,H3Nx
9/18/2013,Minnesota,H3Nx
9/14/2012,Minnesota,H3N3
9/4/2012,Minnesota,-N/A-
9/3/2012,Minnesota,H4N6
9/14/2012,Minnesota,H11N9
9/14/2013,Minnesota,H4Nx
9/14/2013,Minnesota,HxNx
9/14/2013,Minnesota,HxNx
9/3/2013,Minnesota,H4Nx
9/6/2012,Minnesota,H3N6
9/12/2012,Minnesota,H4N6
9/9/2012,Minnesota,H3Nx
9/18/2013,Minnesota,HxNx
9/18/2013,Minnesota,H3Nx
9/2/2012,Minnesota,H2N3
9/13/2012,Minnesota,H11N9
9/6/2012,Minnesota,H3N8
9/8/2012,Minnesota,H2Nx
9/14/2012,Minnesota,H2N5
9/13/2012,Minnesota,-N/A-
9/5/2012,Minnesota,H4N6
9/14/2012,Minnesota,H3N8
9/14/2013,Minnesota,HxNx
9/12/2012,Minnesota,H11N9
9/18/2013,Minnesota,H3Nx
9/18/2013,Minnesota,HxNx
9/12/2012,Minnesota,H3N8
9/6/2012,Minnesota,H3Nx
9/14/2013,Minnesota,HxNx
9/14/2013,Minnesota,HxNx
9/14/2013,Minnesota,HxNx
9/6/2012,Minnesota,H4Nx
9/18/2013,Minnesota,H11Nx
9/14/2012,Minnesota,H2N3
9/3/2012,Minnesota,H11N9
9/6/2012,Minnesota,H3N6
9/12/2012,Minnesota,H3N8
9/20/2012,Minnesota,H4N6
9/13/2013,Minnesota,HxNx
9/6/2012,Minnesota,H4Nx
8/28/2013,Minnesota,H1Nx
9/3/2012,Minnesota,H4N6
9/11/2012,Minnesota,H5N2
9/12/2012,Minnesota,H12N5
9/6/2012,Minnesota,H4N6
9/6/2012,Minnesota,H4N6
9/6/2012,Minnesota,H1N1
9/4/2012,Minnesota,H2N6
9/10/2012,Minnesota,H11N3
9/20/2012,Minnesota,H1N1
9/2/2012,Minnesota,H4N6
9/18/2013,Minnesota,HxNx
9/12/2012,Minnesota,H2Nx
9/6/2012,Minnesota,HxN6
9/9/2012,Minnesota,H11N9
9/10/2012,Minnesota,H11N3
9/12/2012,Minnesota,H11N9
9/18/2012,Minnesota,H4N6
9/14/2013,Minnesota,HxNx
9/3/2013,Minnesota,H4Nx
9/5/2012,Minnesota,H4N6
9/13/2012,Minnesota,H2N3
9/5/2012,Minnesota,H4N3
9/10/2012,Minnesota,H2N3
9/6/2012,Minnesota,H3N3
9/18/2013,Minnesota,H3Nx
9/18/2013,Minnesota,HxNx
9/18/2013,Minnesota,H3Nx
9/18/2013,Minnesota,H3Nx
9/2/2012,Minnesota,H2N3
9/18/2013,Minnesota,H3Nx
9/18/2013,Minnesota,H3Nx
9/20/2012,Minnesota,H2N2
9/20/2012,Minnesota,H2N6
9/15/2013,Texas,H4Nx
9/18/2013,Texas,H4Nx
9/18/2013,Texas,H4Nx
9/18/2012,Texas,H3N6
9/17/2013,Texas,H4Nx
9/18/2013,Texas,H4Nx
9/15/2013,Texas,H4Nx
9/23/2012,Texas,H9N2
9/21/2013,Louisiana,H3Nx
9/20/2013,Texas,H3Nx
9/16/2013,Texas,H4Nx
9/16/2013,Texas,HxNx
9/24/2012,Texas,H4N6
9/16/2013,Texas,H4Nx
9/17/2013,Texas,H4Nx
9/17/2013,Texas,H4Nx
9/21/2012,Louisiana,H3N8
9/16/2013,Texas,H4Nx
9/16/2012,Texas,Mixed
9/14/2013,Texas,H3Nx
9/16/2013,Texas,HxNx
9/16/2012,Texas,H11N9
9/16/2013,Texas,H4Nx
9/15/2012,Texas,H4N6
9/17/2013,Texas,H4Nx
9/24/2012,Texas,H4N6
9/18/2013,Texas,H4Nx
9/15/2013,Texas,H4Nx
9/17/2013,Texas,H3Nx
9/16/2013,Texas,H4Nx
9/15/2013,Texas,H4Nx
9/15/2013,Texas,H4Nx
9/17/2013,Texas,H4Nx
9/14/2013,Texas,H3Nx
9/19/2012,Texas,H11N6
9/19/2013,Texas,H3Nx
9/15/2013,Texas,H3Nx
9/16/2012,Texas,H3N8
9/20/2013,Texas,H3Nx
9/16/2013,Texas,HxNx
9/17/2013,Texas,H4Nx
9/14/2013,Texas,H3Nx
9/16/2012,Texas,H1N1
9/24/2012,Texas,H4N6
9/14/2013,Texas,H4Nx
9/20/2013,Texas,H3Nx
9/18/2013,Texas,H4Nx
9/16/2012,Texas,H4N2
9/19/2013,Texas,H4Nx
9/14/2013,Texas,H4Nx
9/14/2013,Texas,H3Nx
9/19/2013,Texas,H3Nx
9/15/2012,Texas,H1N1
9/24/2012,Texas,HxN6
9/19/2013,Texas,H4Nx
9/18/2013,Texas,H4Nx
9/18/2013,Texas,H3Nx
9/22/2012,Louisiana,H4N6
9/24/2012,Texas,H3N6
9/17/2013,Texas,H4Nx
9/14/2013,Texas,H3Nx
9/15/2012,Texas,H4N6
9/17/2012,Texas,H3N8
9/16/2013,Texas,H4Nx
9/15/2013,Texas,H4Nx
9/15/2013,Texas,H4Nx
9/24/2012,Texas,H4N6
9/19/2012,Texas,H4N6
9/17/2013,Texas,H3Nx
9/15/2013,Texas,H3Nx
9/17/2013,Texas,HxNx
9/16/2013,Texas,H4Nx
9/16/2012,Texas,H11N9
9/18/2013,Texas,H4Nx
9/22/2012,Louisiana,H4N6
9/14/2013,Texas,H3Nx
9/17/2013,Texas,H4Nx
9/24/2012,Texas,H4N6
9/15/2013,Texas,H4Nx
9/16/2012,Texas,H5N2
9/23/2012,Texas,H4N6
9/23/2012,Texas,H4N3
7/29/2012,Minnesota,H3N8
9/14/2013,Texas,H4Nx
9/17/2013,Texas,H4Nx
9/16/2013,Texas,H4Nx
9/14/2013,Texas,H4Nx
9/16/2013,Texas,H4Nx
9/17/2013,Texas,H3Nx
9/17/2013,Texas,H4Nx
9/16/2012,Texas,H4N6
9/14/2013,Texas,H3Nx
9/15/2013,Texas,H4Nx
9/18/2013,Texas,H3Nx
9/19/2013,Texas,H3Nx
9/14/2013,Texas,H3Nx
9/15/2013,Texas,H4Nx
9/19/2012,Texas,H4N6
9/15/2013,Texas,H3Nx
9/17/2012,Texas,H3N8
9/20/2013,Texas,H3Nx
9/14/2013,Texas,H4Nx
9/23/2012,Texas,H4N8
9/19/2012,Texas,H2N3
9/16/2012,Texas,H3N6
9/16/2012,Texas,H3N8
9/15/2013,Texas,H2Nx
9/19/2012,Texas,H4N6
9/17/2013,Texas,H4Nx
9/16/2013,Texas,HxNx
9/17/2013,Texas,H4Nx
9/18/2012,Texas,H4N6
9/15/2012,Texas,H4N6
9/15/2012,Texas,H4N6
7/29/2012,Minnesota,H10N7
9/20/2013,Texas,H3Nx
9/15/2013,Texas,HxNx
9/20/2013,Texas,H3Nx
9/20/2013,Texas,H4Nx
9/16/2013,Texas,H4Nx
9/16/2012,Texas,H3N6
9/14/2013,Texas,H3Nx
9/9/2012,Minnesota,H11N9
5/25/2012,NewJersey,-N/A-
9/4/2012,Minnesota,H7N3
9/4/2012,Minnesota,H2Nx
9/18/2012,Minnesota,H3Nx
9/4/2012,Minnesota,H7Nx
5/25/2012,NewJersey,-N/A-
9/4/2012,Minnesota,H3Nx
9/4/2012,Minnesota,HxNx
9/4/2012,Minnesota,H7Nx
9/5/2014,Minnesota,H4N6
9/8/2014,Minnesota,H4N6
8/28/2014,Minnesota,H6N1
8/28/2014,Minnesota,H4N6
9/10/2014,Minnesota,-N/A-
9/10/2014,Minnesota,-N/A-
9/4/2014,Minnesota,-N/A-
9/4/2014,Minnesota,-N/A-
9/4/2014,Minnesota,H4N6
9/5/2014,Minnesota,H4N3
9/8/2014,Minnesota,-N/A-
8/28/2014,Minnesota,H6N6
8/28/2014,Minnesota,H4N8
8/28/2014,Minnesota,H4N2
9/8/2014,Minnesota,H4N6
8/28/2014,Minnesota,-N/A-
9/18/2014,Louisiana,-N/A-
9/13/2014,Louisiana,-N/A-
9/18/2014,Louisiana,-N/A-
9/14/2014,Texas,-N/A-
9/17/2014,Texas,-N/A-
9/13/2014,Texas,-N/A-
9/13/2014,Louisiana,-N/A-
9/14/2014,Texas,-N/A-
9/14/2014,Texas,-N/A-
9/13/2014,Louisiana,-N/A-
9/18/2014,Texas,H4N6
9/20/2014,Texas,-N/A-
9/13/2014,Louisiana,-N/A-
9/17/2014,Texas,-N/A-
9/14/2014,Texas,-N/A-
9/18/2014,Texas,-N/A-
9/14/2014,Texas,-N/A-
9/13/2014,Louisiana,-N/A-
9/13/2014,Louisiana,-N/A-
9/16/2014,Texas,-N/A-
9/13/2014,Texas,-N/A-
9/20/2014,Texas,-N/A-
9/20/2014,Texas,-N/A-
9/20/2014,Texas,H4N6
9/14/2014,Texas,-N/A-
9/19/2014,Texas,-N/A-
9/13/2014,Texas,-N/A-
9/13/2014,Texas,-N/A-
9/20/2014,Louisiana,-N/A-
9/17/2014,Louisiana,-N/A-
9/17/2014,Louisiana,-N/A-
9/14/2014,Texas,-N/A-
9/18/2014,Texas,-N/A-
9/20/2014,Texas,-N/A-
9/18/2014,Louisiana,-N/A-
9/20/2014,Texas,-N/A-
9/17/2014,Louisiana,-N/A-
9/19/2014,Texas,H4N6
9/20/2014,Louisiana,-N/A-
9/14/2014,Texas,-N/A-
9/13/2014,Louisiana,-N/A-
9/14/2014,Texas,-N/A-
9/20/2014,Texas,-N/A-
9/13/2014,Louisiana,-N/A-
9/14/2014,Texas,-N/A-
9/20/2014,Texas,-N/A-
9/13/2014,Texas,-N/A-
9/13/2014,Louisiana,-N/A-
9/14/2014,Texas,-N/A-
9/17/2014,Louisiana,-N/A-
9/19/2014,Texas,-N/A-
9/17/2014,Texas,-N/A-
9/17/2014,Texas,-N/A-
9/20/2014,Texas,-N/A-
9/14/2014,Texas,-N/A-
9/18/2014,Louisiana,-N/A-
9/19/2014,Texas,-N/A-
9/17/2014,Louisiana,H9N1
9/20/2014,Louisiana,-N/A-
9/17/2014,Louisiana,-N/A-
9/20/2014,Texas,-N/A-
9/13/2014,Louisiana,-N/A-
9/18/2014,Texas,-N/A-
9/13/2014,Louisiana,H6N1
9/13/2014,Louisiana,-N/A-
9/20/2014,Louisiana,-N/A-
9/13/2014,Texas,-N/A-
9/20/2014,Texas,-N/A-
9/19/2014,Texas,-N/A-
9/18/2014,Louisiana,-N/A-
9/13/2014,Louisiana,-N/A-
9/20/2014,Texas,-N/A-
9/17/2014,Louisiana,-N/A-
9/12/2014,Texas,-N/A-
9/13/2014,Louisiana,-N/A-
9/17/2014,Louisiana,-N/A-
9/14/2014,Texas,-N/A-
9/13/2014,Louisiana,-N/A-
9/20/2014,Texas,-N/A-
9/20/2014,Texas,-N/A-
9/13/2014,Texas,H3N8
9/17/2014,Texas,H4N6
9/13/2014,Louisiana,-N/A-
9/13/2014,Texas,-N/A-
9/17/2014,Texas,-N/A-
9/19/2014,Texas,H4N6
9/19/2014,Texas,-N/A-
9/14/2014,Texas,-N/A-
9/13/2014,Louisiana,-N/A-
9/13/2014,Texas,-N/A-
9/17/2014,Texas,H4N6
9/16/2014,Texas,-N/A-
9/20/2014,Texas,-N/A-
9/13/2014,Louisiana,-N/A-
9/16/2014,Texas,-N/A-
9/18/2014,Texas,-N/A-
9/20/2014,Texas,-N/A-
9/13/2014,Louisiana,-N/A-
9/13/2014,Texas,-N/A-
9/13/2014,Louisiana,-N/A-
9/16/2014,Texas,-N/A-
9/17/2014,Texas,H4N6
9/17/2014,Texas,-N/A-
9/13/2014,Louisiana,-N/A-
9/14/2014,Texas,-N/A-
9/13/2014,Texas,-N/A-
9/13/2014,Louisiana,H4N6
9/14/2014,Texas,-N/A-
9/17/2014,Texas,-N/A-
9/14/2014,Texas,-N/A-
9/13/2014,Texas,-N/A-
9/14/2014,Texas,-N/A-
9/19/2014,Texas,-N/A-
9/16/2014,Texas,-N/A-
9/13/2014,Louisiana,-N/A-
9/17/2014,Texas,-N/A-
9/13/2014,Texas,-N/A-
9/18/2014,Texas,H4N6
9/14/2014,Texas,-N/A-
9/13/2014,Louisiana,-N/A-
9/16/2014,Texas,-N/A-
9/16/2014,Texas,-N/A-
9/20/2014,Texas,-N/A-
9/18/2014,Louisiana,-N/A-
9/13/2014,Louisiana,-N/A-
9/13/2014,Louisiana,-N/A-
9/13/2014,Texas,-N/A-
9/13/2014,Louisiana,-N/A-
9/20/2014,Texas,H4N6
9/16/2014,Texas,-N/A-
9/13/2014,Louisiana,H4N6
9/13/2014,Louisiana,-N/A-
9/13/2014,Texas,-N/A-
9/13/2014,Louisiana,-N/A-
9/18/2014,Texas,-N/A-
9/13/2014,Louisiana,-N/A-
9/13/2014,Louisiana,-N/A-
9/17/2014,Texas,-N/A-
9/13/2014,Louisiana,-N/A-
9/14/2014,Louisiana,-N/A-
9/13/2014,Louisiana,-N/A-
9/13/2014,Texas,-N/A-
9/20/2014,Texas,-N/A-
9/13/2014,Louisiana,-N/A-
9/13/2014,Texas,-N/A-
9/20/2014,Texas,-N/A-
9/13/2014,Louisiana,-N/A-
9/17/2014,Louisiana,-N/A-
9/13/2014,Texas,-N/A-
9/18/2014,Louisiana,-N/A-
9/17/2014,Louisiana,-N/A-
9/13/2014,Louisiana,-N/A-
9/13/2014,Louisiana,-N/A-
9/13/2014,Louisiana,-N/A-
9/20/2014,Louisiana,-N/A-
9/18/2014,Texas,-N/A-
9/13/2014,Texas,-N/A-
9/13/2014,Louisiana,-N/A-
9/13/2014,Texas,-N/A-
9/13/2014,Texas,-N/A-
9/19/2014,Texas,-N/A-
9/13/2014,Louisiana,-N/A-
9/19/2014,Texas,-N/A-
9/13/2014,Texas,H3N6
9/20/2014,Texas,-N/A-
9/13/2014,Texas,-N/A-
9/13/2014,Texas,-N/A-
9/13/2014,Louisiana,-N/A-
9/19/2014,Texas,-N/A-
9/13/2014,Texas,-N/A-
9/13/2014,Texas,-N/A-
9/13/2014,Texas,-N/A-
9/20/2014,Texas,-N/A-
9/13/2014,Louisiana,-N/A-
9/17/2014,Texas,H4N8
9/13/2014,Texas,-N/A-
9/18/2014,Louisiana,-N/A-
9/17/2014,Louisiana,-N/A-
9/14/2014,Texas,H4N8
9/13/2014,Louisiana,-N/A-
9/13/2014,Texas,-N/A-
9/13/2014,Louisiana,-N/A-
9/13/2014,Louisiana,-N/A-
9/14/2014,Texas,-N/A-
9/13/2014,Texas,-N/A-
9/13/2014,Louisiana,H4N2
9/13/2014,Texas,-N/A-
9/18/2014,Louisiana,-N/A-
9/13/2014,Louisiana,-N/A-
9/13/2014,Louisiana,-N/A-
9/18/2014,Louisiana,-N/A-
9/14/2014,Texas,H4N6
9/14/2014,Texas,H4N6
9/19/2014,Texas,-N/A-
9/14/2014,Texas,-N/A-
9/13/2014,Louisiana,-N/A-
9/13/2014,Louisiana,-N/A-
9/18/2014,Louisiana,-N/A-
9/13/2014,Louisiana,-N/A-
9/20/2014,Texas,-N/A-
9/19/2014,Louisiana,-N/A-
9/18/2014,Texas,-N/A-
9/16/2014,Texas,-N/A-
9/18/2014,Louisiana,-N/A-
9/18/2014,Texas,-N/A-
9/18/2014,Texas,H4N6
9/20/2014,Louisiana,-N/A-
8/28/2014,Minnesota,H4N6
8/28/2014,Minnesota,H4N1
9/4/2014,Minnesota,H4N6
9/10/2014,Minnesota,-N/A-
8/28/2014,Minnesota,-N/A-
9/5/2014,Minnesota,-N/A-
8/28/2014,Minnesota,H6N1
8/28/2014,Minnesota,H4N6
8/28/2014,Minnesota,H4N6
9/10/2014,Minnesota,-N/A-
8/28/2014,Minnesota,H4N6
9/4/2014,Minnesota,H3N8
8/28/2014,Minnesota,H4N6
9/5/2014,Minnesota,H3N8
9/10/2014,Minnesota,-N/A-
9/4/2014,Minnesota,H3N8
8/28/2014,Minnesota,-N/A-
9/4/2014,Minnesota,-N/A-
9/5/2014,Minnesota,H4N6
9/5/2014,Minnesota,-N/A-
9/13/2014,Minnesota,H1N1
9/10/2014,Minnesota,-N/A-
9/4/2014,Minnesota,H1N1
8/28/2014,Minnesota,H4N6
9/8/2014,Minnesota,-N/A-
9/4/2014,Minnesota,H1N3
8/28/2014,Minnesota,Mixed
8/28/2014,Minnesota,H6N1
8/28/2014,Minnesota,-N/A-
9/10/2014,Minnesota,-N/A-
9/10/2014,Minnesota,H4N6
9/5/2014,Minnesota,H3N8
8/28/2014,Minnesota,H4N6
9/4/2014,Minnesota,-N/A-
9/4/2014,Minnesota,H1N8
9/4/2014,Minnesota,-N/A-
9/10/2014,Minnesota,-N/A-
9/8/2014,Minnesota,-N/A-
9/5/2014,Minnesota,H4N6
8/28/2014,Minnesota,H3N1
8/28/2014,Minnesota,H3N2
8/28/2014,Minnesota,-N/A-
8/28/2014,Minnesota,H4N6
9/10/2014,Minnesota,-N/A-
9/5/2014,Minnesota,-N/A-
8/28/2014,Minnesota,H6N1
9/8/2014,Minnesota,-N/A-
9/4/2014,Minnesota,-N/A-
9/4/2014,Minnesota,H3N8
8/28/2014,Minnesota,H4N6
8/28/2014,Minnesota,H4N6
9/4/2014,Minnesota,-N/A-
9/4/2014,Minnesota,H4N6
9/8/2014,Minnesota,-N/A-
9/13/2014,Minnesota,-N/A-
9/5/2014,Minnesota,H3N6
9/4/2014,Minnesota,H4N6
9/5/2014,Minnesota,H4N6
9/4/2014,Minnesota,-N/A-
8/28/2014,Minnesota,-N/A-
8/28/2014,Minnesota,H8N4
9/13/2014,Minnesota,H4N6
9/5/2014,Minnesota,-N/A-
8/28/2014,Minnesota,H1N1
8/28/2014,Minnesota,H4N6
8/28/2014,Minnesota,H4N6
9/5/2014,Minnesota,H4N6
8/28/2014,Minnesota,-N/A-
9/5/2014,Minnesota,-N/A-
9/4/2014,Minnesota,-N/A-
8/28/2014,Minnesota,H4N6
9/4/2014,Minnesota,H3N8
9/13/2014,Minnesota,-N/A-
8/28/2014,Minnesota,H4N6
9/5/2014,Minnesota,H3N8
8/28/2014,Minnesota,H4N6
8/28/2014,Minnesota,H6N8
9/10/2014,Minnesota,-N/A-
9/10/2014,Minnesota,-N/A-
8/28/2014,Minnesota,-N/A-
8/28/2014,Minnesota,H4N2
9/4/2014,Minnesota,-N/A-
9/5/2014,Minnesota,H3N8
9/8/2014,Minnesota,H2N3
8/28/2014,Minnesota,H3N8
8/28/2014,Minnesota,Mixed
8/28/2014,Minnesota,H3N6
9/5/2014,Minnesota,-N/A-
9/5/2014,Minnesota,H4N6
9/13/2014,Minnesota,H3N2
9/4/2014,Minnesota,-N/A-
8/28/2014,Minnesota,H4N8
9/4/2014,Minnesota,H4N6
9/10/2014,Minnesota,H3N1
9/13/2014,Minnesota,-N/A-
8/28/2014,Minnesota,H4N6
8/28/2014,Minnesota,H1N1
9/10/2014,Minnesota,-N/A-
9/4/2014,Minnesota,H4N6
9/8/2014,Minnesota,-N/A-
8/28/2014,Minnesota,H4N6
9/4/2014,Minnesota,H4N6
9/4/2014,Minnesota,-N/A-
9/13/2014,Minnesota,H4N6
9/5/2014,Minnesota,H4N6
9/10/2014,Minnesota,-N/A-
9/4/2014,Minnesota,H3N8
9/5/2014,Minnesota,H2N3
9/10/2014,Minnesota,H2N5
9/4/2014,Minnesota,H4N8
9/10/2014,Minnesota,-N/A-
9/8/2014,Minnesota,H4N1
9/5/2014,Minnesota,-N/A-
9/4/2014,Minnesota,H3N8
9/4/2014,Minnesota,H2N3
9/13/2014,Minnesota,-N/A-
8/28/2014,Minnesota,H4N6
9/4/2014,Minnesota,-N/A-
9/5/2014,Minnesota,-N/A-
8/28/2014,Minnesota,H6N1
8/28/2014,Minnesota,H4N6
8/28/2014,Minnesota,H4N6
9/10/2014,Minnesota,-N/A-
9/10/2014,Minnesota,H3N1
8/28/2014,Minnesota,H4N6
9/4/2014,Minnesota,-N/A-
9/5/2014,Minnesota,-N/A-
8/28/2014,Minnesota,H4N2
9/13/2014,Minnesota,-N/A-
8/28/2014,Minnesota,H3N8
9/5/2014,Minnesota,H4N6
9/4/2014,Minnesota,H4N6
9/4/2014,Minnesota,H4N8
9/4/2014,Minnesota,H1N1
8/28/2014,Minnesota,H4N6
8/28/2014,Minnesota,H3N8
9/4/2014,Minnesota,-N/A-
9/5/2014,Minnesota,H4N6
8/28/2014,Minnesota,Mixed
8/28/2014,Minnesota,H4N6
8/28/2014,Minnesota,-N/A-
8/28/2014,Minnesota,H4N6
9/5/2014,Minnesota,H4N8
9/4/2014,Minnesota,H1N6
9/10/2014,Minnesota,H4N6
8/28/2014,Minnesota,H4N6
9/4/2014,Minnesota,H3N8
9/5/2014,Minnesota,H4N6
9/4/2014,Minnesota,H3N8
8/28/2014,Minnesota,H4N6
9/4/2014,Minnesota,H3N6
9/10/2014,Minnesota,-N/A-
9/5/2014,Minnesota,H6N6
9/5/2014,Minnesota,H6N1
9/4/2014,Minnesota,H4N6
9/4/2014,Minnesota,-N/A-
8/28/2014,Minnesota,H2N3
9/4/2014,Minnesota,-N/A-
9/5/2014,Minnesota,H1N1
9/5/2014,Minnesota,-N/A-
9/5/2014,Minnesota,-N/A-
9/4/2014,Minnesota,H4N6
8/28/2014,Minnesota,H4N6
8/28/2014,Minnesota,H6N1
9/5/2014,Minnesota,H4N5
8/28/2014,Minnesota,H4N2
9/10/2014,Minnesota,-N/A-
8/28/2014,Minnesota,H4N6
9/13/2014,Minnesota,-N/A-
9/5/2014,Minnesota,-N/A-
8/28/2014,Minnesota,H4N6
8/28/2014,Minnesota,H4N6
9/10/2014,Minnesota,H4N6
8/28/2014,Minnesota,H3N6
8/28/2014,Minnesota,-N/A-
8/28/2014,Minnesota,H4N1
9/8/2014,Minnesota,H3N5
9/5/2014,Minnesota,H4N6
9/4/2014,Minnesota,H4N6
9/13/2014,Minnesota,-N/A-
8/28/2014,Minnesota,H4N6
9/10/2014,Minnesota,-N/A-
9/5/2014,Minnesota,H2N6
9/5/2014,Minnesota,H3N8
9/10/2014,Minnesota,-N/A-
8/28/2014,Minnesota,H4N1
8/28/2014,Minnesota,-N/A-
9/4/2014,Minnesota,H4N6
9/4/2014,Minnesota,H4N6
9/4/2014,Minnesota,H3N8
8/28/2014,Minnesota,H4N6
8/28/2014,Minnesota,H4N6
8/28/2014,Minnesota,H4N6
9/10/2014,Minnesota,H4N8
9/13/2014,Minnesota,H4N2
9/10/2014,Minnesota,-N/A-
8/28/2014,Minnesota,H3N1
9/5/2014,Minnesota,H4N6
9/4/2014,Minnesota,H3N6
8/28/2014,Minnesota,H4N6
8/28/2014,Minnesota,H4N6
8/28/2014,Minnesota,H4N6
9/4/2014,Minnesota,-N/A-
8/28/2014,Minnesota,H4N6
8/28/2014,Minnesota,H3N8
9/5/2014,Minnesota,H1N1
9/10/2014,Minnesota,-N/A-
8/28/2014,Minnesota,H4N8
9/4/2014,Minnesota,H1N5
8/28/2014,Minnesota,H4N6
8/28/2014,Minnesota,-N/A-
9/10/2014,Minnesota,-N/A-
9/4/2014,Minnesota,H4N6
9/5/2014,Minnesota,-N/A-
9/10/2014,Minnesota,-N/A-
8/28/2014,Minnesota,H3N1
9/4/2014,Minnesota,-N/A-
9/5/2014,Minnesota,-N/A-
9/4/2014,Minnesota,-N/A-
